id|title|time|content|tag|link|source|topic|location|organization|person|phone|url|zip
645000|คิงเพาเวอร์ มองกำลังซื้อระลอกแรก เดือน ก.พ. ผ่าน 2 อีเวนต์ ตรุษจีน-วาเลนไทนส์|2021-02-10 13:40:00|"กลุ่มคิง เพาเวอร์ ต่อยอดกลยุทธ์ ""ช้อปได้โดยไม่มีไฟลต์บิน"" จัด 2 แคมเปญใหญ่ ยาวทั้งเดือนกุมภาฯ สร้างประสบการณ์สุดชิล ชมวิวยอดตึกสูงสวยสุด ในกรุงเทพฯ รับ ตรุษจีน-วาเลนไทนส์							
รายงานข่าว จากกลุ่มบริษัทคิงเพาเวอร์ ผู้บริหารธุรกิจค้าปลีกศูนย์การค้าคิงเพาเวอร์ และคิงเพาเวอร์ ออนไลน์ เผยว่า ช่วงเทศกาลตรุษจีนและวาเลนไทน์ ในเดือนกุมภาพันธ์ 2564 บริษัทมองว่า เป็นโอกาสสร้างบรรยากาศการท่องเที่ยว ช้อปปิ้ง ให้เกิดขึ้นต่อเนื่องตลอดเดือนกุมภาพันธ์ แม้ว่าการแพร่ระบาดของโควิด-19 ยังส่งผลกระทบต่อเศรษฐกิจและผู้บริโภคโดยรวม แต่การกระตุ้นการใช้จ่ายเพื่อให้เกิดการหมุนเวียนในระบบเศรษฐกิจ ยังต้องดำเนินต่อไปโดยมีปัจจัยหลัก คือ การสร้างประสบการณ์กิจกรรมการตลาด ซึ่งยังคงต้องเน้นมาตรการควบคุมการแพร่ระบาดของ โควิด-19 อย่างเคร่งครัด แม้ว่ากลุ่มบริษัท คิง เพาเวอร์ ผู้ดำเนินธุรกิจค้าปลีก ถือเป็นหนึ่งในผู้ประกอบการ ที่ได้รับผลกระทบโดยตรงในสถานการณ์โควิด-19ทั้งนี้ บริษัทได้นำกลยุทธ์การทำตลาดผสานประสบการณ์ Experiential Marketing ผ่านกิจกรรมการตลาดต่างๆ เพื่อสร้างความต่อเนื่องในธุรกิจและสร้างประสบการณ์ใหม่ๆ ให้ลูกค้าคนไทยกับธุรกิจท่องเที่ยวภายใต้แคมเปญ สำคัญตลอดเดือนกุมภาพันธ์ นี้สำหรับแคมเปญแรก เปิดประสบการณ์ช้อปไร้ขอบเขตฉลองตรุษจีนที่ คิง เพาเวอร์ สาขารางน้ำ, มหานครพัทยา, ภูเก็ต ตั้งแต่วันนี้-14 กุมภาพันธ์ ปีนี้โดยมองเห็นโอกาส หลังจากเปิดให้คนไทยช้อปได้โดยไม่มีไฟลต์บินสามารถซื้อสินค้าแบรนด์เนมชั้นนำในราคา ดิวตี้ฟรีในรูปแบบสินค้า Home Delivery ซึ่งที่ผ่านมา คิง เพาเวอร์ ออกแคมเปญเพื่อกระตุ้นการส่งเสริมการขายกับกลุ่มลูกค้า และกลุ่มลูกค้าสมาชิกพร้อมขยายฐานลูกค้าใหม่ให้ได้รับสิทธิประโยชน์จากการซื้อสินค้า เพื่อสร้าง Engagement กับลูกค้าคนไทยในสถานการณ์โควิด-19 โดยเทศกาลตรุษจีนนี้ คิง เพาเวอร์ จึงได้จัดแคมเปญ HAPPY CHINESE MORE MORE YEAR! ตั้งแต่วันนี้ถึงวันที่ 14 กุมภาพันธ์ ที่ คิง เพาเวอร์ สาขารางน้ำ, มหานคร, พัทยา และภูเก็ตโดยมอบส่วนลดสูงสุด 30% ไม่มีขั้นต่ำ พร้อมรับอั่งเปา 500 บาท เมื่อช้อปครบ 10,000 บาทขึ้นไป (สุทธิ)/ใบเสร็จ (จำกัด 1 ท่าน/สิทธิ์/วัน โดยนับสิทธิ์รวมกันทุกสาขา) รวมถึงลดเพิ่มทันที1,500 บาท เมื่อช้อปครบ 20,000 บาทขึ้นไป (สุทธิ)/ใบเสร็จ และลดเพิ่ม 5,000 บาท เมื่อช้อปครบ 50,000 บาทขึ้นไป (สุทธิ)/ใบเสร็จ (จำกัด 1 ท่าน/สิทธิ์/วันโดยนับสิทธิ์รวมกันทุกสาขา) นอกจากนี้ เฉพาะที่สาขารางน้ำ เมื่อช้อปครบ5,000 บาทขึ้นไป (สุทธิ)/ใบเสร็จ ยังได้อิ่มฟรีกับเมนูสตรีทฟู้ดร้านดังมูลค่า 300 บาท ที่ไทย เทสต์ ฮับ (Thai Taste Hub)ทั้งนี้ คาดว่าแคมเปญกระตุ้นให้เกิดการใช้จ่ายในช่วงเทศกาลตรุษจีนนี้ จะสามารถสร้างทั้ง Traffic ให้กับ คิง เพาเวอร์ โดยเฉพาะสินค้าในกลุ่มน้ำหอม เครื่องสำอาง เอ็กคลูซีฟเซ็ท และสินค้าลักซ์ชัวรี่ที่ยังเป็นที่ต้องการ


แม็คโคร ปรับแผนค้าส่ง รับกำลังซื้อตรุษจีนเน้นประหยัด-ลดงบฯของไหว้  
กสิกรไทยเปิดรับจองซื้อหุ้น OR


สำหรับลูกค้า คิง พาเวอร์ ระบบออนไลน์ www.kingpower.com และแอปพลิเคชั่น คิง เพาเวอร์ ยังร่วมมอบโปรโมชั่นพิเศษด้วยการมอบโค้ดส่วนลด ในดีลพิเศษสินค้าแบรนด์เนมของแท้ราคาดิวตี้ฟรี ในกลุ่มสินค้าน้ำหอม เครื่องสำอาง สกินแคร์ สำหรับเทศกาลตรุษจีน ในแคมเปญ LUCKY LUXE DEALS โดยใช้รหัสส่วนลด MORE5 ใช้ลดสูงสุด 30% เมื่อช้อปครบ 3,000 บาท และลดเพิ่มอีกทันที 5% เมื่อช้อปครบ 5,000 บาท เฉพาะวันที่ 12 กุมภาพันธ์นอกจากนี้ ยังมีสินค้ากลุ่ม Home Delivery ลดสูงสุด 50% (ไม่ต้องใส่รหัสส่วนลด) กับดีลส่วนลดพิเศษ พร้อมมอบอั่งเปาพิเศษเฉพาะวันที่ 12 และ 19 กุมภาพันธ์ เปิดซองแดงลุ้นรับรหัสส่วนลดที่หน้าเว็ปไซด์ สำหรับช้อปสินค้าที่คิง เพาเวอร์ ออนไลน์และในวันแห่งความรัก วันที่ 14 กุมภาพันธ์ มอบส่วนลดสูงสุด 30% และ ลดเพิ่มทันที 550 บาท เมื่อช้อปครบ 5,500 บาท โดยใช้รหัสส่วนลด LUCKY14 สำหรับการซื้อสินค้ากลุ่ม Home Delivery จากแบรนด์ชั้นนำ ในแคมเปญ LUCKY SINGLE DEAL #โชคดีที่ฉันโสด โดยการซื้อสินค้าที่ www.kingpower.com และแอปพลิเคชั่นคิง เพาเวอร์ จัดส่งฟรี! ทั่วประเทศ เมื่อช้อปครบ 699.- (สุทธิ)นอกจากนี้ ยังให้ลูกค้าร่วมเปิดประสบการณ์ ‘ชิม’ ฉลองตรุษจีนและวันแห่งความรัก โดย 3 กลุ่มฟังก์ชั่นธุรกิจในกลุ่มบริษัท คิง เพาเวอร์ ได้เพิ่มความพิเศษ สำหรับ การรับประทานอาหารนอกบ้าน สร้าง Engagement กับกลุ่มครอบครัวและคู่รัก ได้แก่ไทย เทสต์ ฮับ (Thai Taste Hub) ศูนย์รวมร้านสตรีทฟู้ดส์ร้านดังระดับตำนาน ชั้น 3 สาขาคิง เพาเวอร์ รางน้ำ จัดโปรโมชั่น HAPPY CHINESE MORE MORE YEAR! มอบโปรโมชั่นพิเศษให้ลูกค้าที่ต้องการมารับประทานอาหารและซื้อ Cash Card มูลค่า 300 บาทประเภทไม่คืนเงิน รับอั่งเปาสำหรับแลกรับฟรีเมนูอาหาร 1 เมนูจากร้านสตรีทฟู้ดส์ชื่อดัง โดยรวมร้านสตรีทฟู้ดส์ในโซน EXPRESSขณะที่ คิง เพาเวอร์ มหานคร แลนด์มาร์คของกรุงเทพฯ ใจกลางสาทร จัดกิจกรรมเชิดสิงโตเพื่อร่วมฉลองเทศกาลตรุษจีน ในวันที่ 12 กุมพันธ์ 2564 ศกนี้ ณ ลานมหานคร สแควร์ พร้อม มอบรางวัลและส่วนลดต่างๆ จากกิจกรรมอั่งเปาให้โชค เมื่อใช้จ่ายที่คิง เพาเวอร์ มหานคร หรือ ร้านค้าต่างๆ ภายในมหานคร คิวบ์ ครบ 500 บาท/ใบเสร็จ/ท่าน สามารถร่วมสนุกกับกิจกรรมอั่งเปาให้โชคได้ระหว่างวันที่ 12-14 กุมภาพันธ์พร้อมโปรโมชั่นพิเศษสำหรับ ‘คู่รัก’ ในวันแห่งความรัก บนห้องอาหารมหานคร แบงค็อก สกายบาร์ ห้องอาหารที่สูงที่สุดในประเทศไทยกับดินเนอร์ 2 รูปแบบคอร์สเมนูพิเศษ ในราคา 3,600++ บาท สำหรับ 3 คอร์สเมนู และ 28,000 บาท สำหรับ 7 คอร์สเมนูพร้อมสปาทรีตเม้นต์โดย การเปิดให้บริการทั้งหมด ได้ดำเนินการควบคู่กับมาตรการด้านสุขอนามัยเพื่อการควบคุมโรคอย่างสูงสุดภายใต้แนวทาง King Power Care Power เพื่อร่วมสร้างมาตรฐานและเป็นโมเดลการให้บริการของธุรกิจท่องเที่ยวที่ต้องปรับและเปลี่ยนให้สอดคล้องกับพฤติกรรมผู้เข้าใช้บริการทั้งในสถานการณ์การแพร่ระบาดของโรคในปัจจุบันและการให้บริการนักท่องเที่ยวในอนาคต"|[]|https://search.posttoday.com/track/visitAndRedirect?href=https%3A%2F%2Fwww.posttoday.com%2Feconomy%2Fnews%2F645000&contentId=pt-news645000|posttoday|others|กรุงเทพฯ,ภูเก็ต,มหานคร,ภูเก็ต,ไทย,ไทย,กรุงเทพฯ ใจกลางสาทร,ลานมหานคร สแควร์,ไทย|กลุ่มคิง,บริษัทมองว่า,บริษัท คิง เพาเวอร์ ผู้ดำเนินธุรกิจค้าปลีก,มหานครพัทยา,สุทธิ)/ใบเสร็จ (จำกัด,สุทธิ)/ใบเสร็จ (จำกัด,Thai Taste Hub,เอ็กคลูซีฟเซ็ท,กสิกรไทย,สกินแคร์,Thai Taste Hub|"บริษัทคิงเพาเวอร์ ผู้บริหารธุรกิจค้าปลีกศูนย์การค้าคิงเพาเวอร์ และคิงเพาเวอร์,สุทธิ)/ใบเสร็จ,สุทธิ)/ใบเสร็จ,ลักซ์ชัวรี่ที่ยังเป็นที่ต้องการ


แม็คโคร,OR


สำหรับลูกค้า คิง พาเวอร์,แอปพลิเคชั่น คิง เพาเวอร์,แอปพลิเคชั่นคิง เพาเวอร์,บริษัท คิง เพาเวอร์,สาขาคิง เพาเวอร์,เมนูจากร้านสตรีทฟู้ดส์ชื่อดัง โดยรวมร้านสตรีทฟู้ดส์ในโซน EXPRESSขณะที่ คิง เพาเวอร์ มหานคร,กุมพันธ์,แบงค็อก สกายบาร์,คอร์สเมนูพร้อมสปาทรีตเม้นต์"||www.kingpower.com,www.kingpower.com|
644999|สธ.เปิดข้อมูลผู้ติดเชื้อพบมากในตลาดสด เป็นคนขายถึง90.19%|2021-02-10 13:32:00|"โฆษก ศบค. เผย เล็งเก็บข้อมูลปล่อยให้คนโรงงานสมุทรสาครสร้างภูมิคุ้มกันโควิดตามธรรมชาติ พร้อมเปิดข้อมูล สธ. พบผู้ขายติดเชื้อมากกว่าผู้ซื้อ ตลาดสด หนักกว่าตลาดนัด หลังป้องกันไม่เคร่งครัด ขณะที่ วันที่ 12 -14 ก.พ. งดแถลงข่าวช่วงตรุษจีน							
เมื่อวันที่ 10 กพ. 64 น.พ.ทวีศิลป์ วิษณุโยธิน โฆษกศูนย์บริหารสถานการณ์การแพร่ระบาดของโรคติดเชื้อไวรัสโคโรนา 2019 (โควิด-19) หรือ ศบค. แถลงสถานการณ์การแพร่ระบาดของไวรัสโควิด-19 ในประเทศประจำวันตอนหนึ่งว่า ในที่ประชุมศบค.ชุดเล็กได้พูดถึงการค้นหาเชิงรุกในชุมชนในจังหวัดสมุทรสาคร ซึ่งรองผู้ว่าฯ จังหวัดสมุทรสาคร และ นพ.สาธารณสุขจังหวัดสมุทรสาคร ได้แจ้งมาที่ประชุมชี้แจงความคืบหน้าการตจรวจในพื้นที่ว่าตรวจเชิงรุกไปแล้วแสนกว่าคน พบผู้ติดเชื้อ 7 พันกว่าคน ซึ่งจากการเข้าไปตรวจโรงงานขนาดใหญ่ 9 แห่ง ที่เข้าไปตรวจและมี4 โรงงานที่มีคนงานหลักหมื่นพบผู้ที่เชื้อตามข่าวร้อยละ 26-27 ของบางโรงงาน ขณะนี้จะใช้ระบบบับเบิ้ลแอนด์ซีล แน่นอนว่าเมื่อตรวจพบผู้ติดเชื้อขนาดนั้น บางคนที่ยังไม่ติดเชื้อ ก็มีโอกาสติดเชื้อได้ ในภายหลังเราก็จะทอดระยะเวลาไปอีกสักระยะหนึ่งเพื่อให้เกิดการติดเชื้อโดยธรรมชาติ บางคนอาจพูดว่าจากข้อมูลผู้ติดเชื้อจากการตรวจสอบเชิงรุก 106 คนในวันนี้อาจจะน้อยกว่าความเป็นจริงนั้น ใช่ แต่ ณ ตอนนี้เข้าไปตรวจก็ไม่เกิดประโยชน์อะไรในเชิงที่จะนำมาสู่การเปลี่ยนแปลงยุทธศาสตร์ใหม่ๆ ยังไม่เกิดการเปลี่ยนแปลงเพราะฉะนั้น สิ่งหนึ่งที่เราต้องทำอีกระยะคือ ณ ตอนนี้จะเข้าไปตรวจสอบภูมิคุ้มกันขอให้เจ้าหน้าที่ได้สรุปชุดข้อมูลกันก่อน ถ้าเป็นไปตามที่คาด คนที่ติดเชื้อเมื่อนำออกมา คนที่อยู่ภายในอาจได้รับเชื้อมาบ้างอย่างอ่อนๆ ก็จะมีการติดเชื้อไปบ้าง ถ้ามีภูมิคุ้มกันเกิดขึ้นจำนวนมากขึ้นโดยธรรมชาติจะทำให้เราเกิดภูมิคุ้มกันตามธรรมชาติ ซึ่งหลายประเทศเขาก็ทำกันหากเกิดการติดเชื้อจำนวนมากแต่ถึงอย่างไรต้องรอข้อมูลจริงที่ออกมา จะเป็นตามที่คาดคิดหรือไม่ ถ้าเป็นตามนั้นจะเห็นภาพการผ่อนคลายที่จะวางแผนเปิดเมืองต่างๆ แต่ต้องให้ความสำคัญเรื่องช่วงเวลา ตนจะแจ้งความคืบหน้าอีกครั้งโฆษก ศบค. กล่าวด้วยว่า กระทรวงสาธารณสุขได้นำข้อมูลผู้ติดเชื้อในพื้นที่ตลาด 1,815 คน มาแจ้งต่อที่ประชุม โดยพบว่า ร้อยละ 96.86 เป็นการติดเชื้อในตลาดสด ติดเชื้อในตลาดนัด ร้อยละ3.14 คน โดยพบเป็นผู้ขายถึงร้อยละ 90.19 ผู้ซื้อ ร้อยละ 9.81 โดยปัจจัยของการติดเชื้อคือไม่มีมาตรการระวังตัวเอง ไม่มีการวัดอุณหภูมิก่อนเข้าตลาด แม่ค้าไม่ค่อยล้างมือ ขาดความสม่ำเสมอในการทำความสะอาดในจุดสัมผัสร่วม ไม่มีที่กั้นระหว่างริ้านค้า แม้ค้าตลาดสดเดินทางไปซื้อของหลายแห่ง ขณะที่ตลาดนัดมีการหมุนเวียนแม่ค้า จึงมีข้อเสนอแนะทุกตลาดต้องเข้มข้นมาตรการป้องกันตัวเอง โดยเฉพาะเรื่องการใส่หน้ากากอนามัย และ ไม่สามารถเว้นระยะแผงค้าได้ ก็ควรมีฉากกั้นและงดการเคลื่อนย้ายแรงงานต่างด้าวอย่างเคร่งครัดทั้งนี้ในช่วงเวลานี้ใกล้ช่วงเทศกาลตรุษจีน จึงจะขอเว้นการแถลงข่าวในวันที่ 12- 14 ก.พ.นี้ เพื่อจะได้ฉลองเทศกาลตรุษจีน ซึ่งเป็นครั้งแรกที่กำหนดเป็นวันหยุด ขอให้จังหวัดที่ไม่ใช่พื้นที่สีเข้มเหมือนสมุทรสาคร และกรุงเทพฯ ที่มีการผ่อนคลายไปบ้างแล้วดูแลสุขภาพ และขอให้สวมหน้ากากอนามัยป้องกันด้วย"|[]|https://search.posttoday.com/track/visitAndRedirect?href=https%3A%2F%2Fwww.posttoday.com%2Fsocial%2Fgeneral%2F644999&contentId=pt-news644999|posttoday|social|จังหวัดสมุทรสาคร,จังหวัดสมุทรสาคร,กรุงเทพฯ|สธ.,สาธารณสุขจังหวัดสมุทรสาคร,แอนด์ซีล,กระทรวงสาธารณสุข|ทวีศิลป์,วิษณุโยธิน,โรคติดเชื้อไวรัสโคโรนา 2019|||
644976|ก็หมวยนี่คะ! เขื่อน K-otic จัดเต็มด้วยแฟชั่นกี่เพ้าสุดปังรับตรุษจีน|2021-02-10 11:21:00|"เขื่อน ภัทรดนัย เริ่ดไม่หยุดทุกลุค จัดเต็มแฟชั่นกี่เพ้าหลากสไตล์รับวันตรุษจีนเฮงๆ							
ต้อนรับเทศกาลตรุษจีนที่กำลังจะมาถึงแบบปังๆ ในแบบฉบับของนักร้องหนุ่ม เขื่อน ภัทรดนัย หรือ เขื่อน เคโอติก เป็นอีกคนที่รักตัวเองมากและมีความสุขกับการแต่งตัวทุกแนวทุกสไตล์ มั่นใจไม่ว่าจะลุคไหนก็ปังไม่เคยทำให้แฟนๆผิดหวัง สวยก็ได้หล่อก็ดีอยู่ที่คนจะมองล่าสุด หนุ่มเขื่อน ลุกขึ้นมาหยิบกี่เพ้าหลากสไตล์ แต่งตัวเป็นอาหมวยพร้อมรับอั่งเปาในวันตรุษจีน ทั้งชุดสีแดงสุดแซ่บ และชุดสีน้ำเงินคอสเพลย์เป็น ชุนหลี ตัวละครจากเกม Street Fighter อีกด้วย งานนี้เรียกยอดไลค์ไปแบบรัวๆ


แก้ม วิชญาณี ปล่อยภาพเบื้องหลัง 2021 ราตรี กว่าจะเป็นเอ็มวีสุดปัง
ส่องภาพ พลอย เฌอมาลย์ นุ่งบิกินี่สีชมพูโชว์ผิวแทนสวยเซ็กซี่ลงเล่นน้ำ"|[]|https://search.posttoday.com/track/visitAndRedirect?href=https%3A%2F%2Fwww.posttoday.com%2Fent%2Fnews%2F644976&contentId=pt-news644976|posttoday|entertainment|||เขื่อน ภัทรดนัย,เขื่อน ภัทรดนัย,เขื่อน เคโอติก,ลุกขึ้นมาหยิบกี่เพ้าหลากสไตล์,แก้ม วิชญาณี,พลอย เฌอมาลย์ นุ่งบิกินี่สีชมพูโชว์ผิวแทนสวยเซ็กซี่|||
644977|มาแล้ว!คลิปแรกบิ๊กตู่ในTikTok อวยพรตรุษจีน|2021-02-10 11:22:00|"ทีมโฆษกรัฐบาลเผยคลิปแรกของ ""พล.อ.ประยุทธ์"" ในTikTok อวยพรตรุษจีนแก่ประชาชน							
เมื่อวันที่ 10 ก.พ. 64 สำนักโฆษก สำนักเลขาธิการนายกรัฐมนตรี ได้เผยแพร่คลิปวิดีโอ พล.อ.ประยุทธ์ จันทร์โอชา นายกรัฐมนตรีและรมว.กลาโหม อวยพรตรุษจีน2564 ผ่านแอพพลิเคชั่น TikTok ในชื่อแอคเคาท์ thaigov ไทยคู่ฟ้า""เนื่องในเทศกาลตรุษจีนนะครับ ผมขออารธนาสิ่งศักดิ์สิทธิ์ทั้งหลายในสากลได้ดลบันดาลพรให้พี่น้องชาวจีนและคนไทยเชื้อสายจีนได้มีสุขภาพร่างกายและจิตใจที่แข็งแรง อุดมด้วยลาภยศและมั่งมีศรีสุขทุกประการ ซินเจียยู่อี่ ซินนี้ฮวดไช้""นายกฯระบุในคลิป TikTok


“บิ๊กตู่” ฮึ่ม ม็อบราษฎร นัดตีหม้อไล่เผด็จการเย็นนี้
""ประยุทธ์""เตรียมโผล่ ""TikTok"" ขอทีมงานใส่เพลงเบาๆน่ารักไม่เครียด


ชมคลิปนายกฯอวยพรตรุษจีน@thaigov#นายกประยุทธ์ อวยพร #ตรุษจีน2021 #ไทยคู่ฟ้า? original sound - ไทยคู่ฟ้า"|[]|https://search.posttoday.com/track/visitAndRedirect?href=https%3A%2F%2Fwww.posttoday.com%2Fpolitic%2Fnews%2F644977&contentId=pt-news644977|posttoday|politic|ไทยคู่ฟ้า,จีน,จีน,ไทยคู่ฟ้า?,ไทยคู่ฟ้า|สำนักโฆษก สำนักเลขาธิการนายกรัฐมนตรี,กลาโหม|ประยุทธ์,ประยุทธ์ จันทร์โอชา,แอคเคาท์ thaigov,อารธนาสิ่งศักดิ์สิทธิ์,จิตใจที่แข็งแรง อุดมด้วยลาภยศและมั่งมีศรีสุขทุกประการ ซินเจียยู่อี่ ซิน,บิ๊กตู่,กประยุทธ์|||
644964|วันจ่ายตรุษจีนเมืองพัทยาไม่คึกสะท้อนความบอบช้ำโควิด-19ระบาด|2021-02-10 09:30:00|"ชลบุรี-วันจ่ายตรุษจีนตลาดอมรนาเกลือและตลาดใหม่นาเกลือไม่คึกคักประชาชนออกมาจับจ่ายซื้อของไหว้บางตาสะท้อนความบอบช้ำจากพิษโควิด-19							
เมื่อวันที่ 10ก.พ.64 บรรยากาศวันจ่ายเทศกาลตรุษจีน ที่ ตลาดอมรนาเกลือ และตลาดใหม่นาเกลือ อ.บางละมุง จ.ชลบุรี มีประชาชนชาวไทยเชื้อสายจีนออกมาจับจ่ายซื้อของไหว้เจ้ากันตั้งแต่ช่วงเช้ามืด แต่จำนวนไม่มากเน้นจับจ่ายซื้อของกันแบบประหยัดและสิ่งของที่จำเป็นราคาอาหารในปีนี้มีขยับราคาเพิ่มขึ้นบ้างเล็กน้อย โดยเฉพาะหมู ขนมเทียน ขนมเข่งจะอยู่ที่กิโลกรัมละ 100-120 บาท ส่วนผลไม้ชนิดต่างๆ มีจำหน่ายคละกันไปหลายราคาขึ้นอยู่กับชนิดและเกรดของวัตถุดิบที่นำมาจำหน่าย ส่วนสินค้าขนมไหว้เจ้าต่างๆยังคงมีราคาที่ใกล้เคียงกับปีที่แล้ว และส่วนใหญ่ประชาชนได้หันไปซื้อแบบจัดเซ็ตสำเร็จที่ทางร้านเตรียมไว้อยู่แล้วที่ผ่านมาประชาชนส่วนใหญ่ต้องสู้กับปัญหาการแพร่ระบาดของเชื้อไวรัสโควิด-19 มานานนับปี โดยเฉพาะกรณีการปิดประเทศทำให้เมืองพัทยาซึ่งรับนักท่องเที่ยวต่างชาติเป็นหลักกว่า 70 % ได้รับผลกระทบอย่างหลีกเลี่ยงไม่ได้ สถานบันเทิงถูกสั่งปิดประชาชนตกงานไม่มีรายได้เศรษฐกิจและการท่องเที่ยวของเมืองพัทยาทรุดหนัก จนทำให้ประชาชนที่เคยมีรายได้ได้รับผลกระทบ ส่งผลให้การจับจ่ายใช้สอยมีกำลังน้อยลงไปตามสภาพเพื่อเป็นการประหยัดค่าใช้จ่ายในชีวิตประจำวัน


วันจ่ายรับตรุษจีนปากน้ำโพ พบสินค้าเซ่นไหว้ปรับขึ้นทุกรายการ 
สมุทรสาครพบติดโควิดเพิ่ม132รายป่วยสะสม15,347คน"|[]|https://search.posttoday.com/track/visitAndRedirect?href=https%3A%2F%2Fwww.posttoday.com%2Fsocial%2Flocal%2F644964&contentId=pt-news644964|posttoday|social|ชลบุรี,อ.บางละมุง,จ.ชลบุรี,จีน,เมืองพัทยา,สมุทรสาคร|||||
644962|วันจ่ายรับตรุษจีนปากน้ำโพ พบสินค้าเซ่นไหว้ปรับขึ้นทุกรายการ |2021-02-10 08:57:00|"นครสวรรค์-ปากน้ำโพคึกรับวันจ่ายตรุษจีนชาวไทยเชื้อสายจีนออกมาเลือกซื้อของเซ่นไหว้ พบสินค้าปรับราคาขายเกือบทุกรายการ							
เมื่อวันที่ 10ก.พ.64 บรรยากาศวันจ่ายเทศกาลตรุษจีนที่ที่ตลาดสดเทศบาลนครนครสวรรค์ และตลาดสดบ่อนไก่ อ.เมือง จ.นครสวรรค์ ตั้งแต่ช่วงเช้าที่ผ่านมา พบว่ามีบรรดาชาวไทยเชื้อสายจีนต่างออกมาจับจ่ายเลือกซื้อ หมู เป็ด ไก่ ผลไม้ และของไหว้เจ้ากันอย่างคึกคักนางสาวประณีต เรืองพล ชาวจังหวัดนครสวรรค์บอกว่าต้องออกมาจับจ่ายสิ่งของบางชนิดล่วงหน้าก่อนเพื่อหลีกเลี่ยงความแออัดของผู้คนที่จะมาจับจ่ายในช่วงบ่ายวันนี้ ขณะที่ราคาสินค้าต่างๆ ที่จำเป็นสำหรับใช้เซ่นไหวมีการปรับตัวสูงขึ้นกว่าเดิมเฉลี่ย 10 บาท เกือบทุกรายการ โดยเฉพาะเนื้อหมูปรับราคาสูงขึ้นล่วงหน้ามาแล้วนานนับเดือน โดยหัวหมูเฉลี่ยอยู่ที่ราคาหัวละ 400-500 บาท ผลไม้ทุกชนิดปรับราคาสูงขึ้นเฉลี่ยกิโลกรัมละ 2-10 บาท โดยเฉพาะส้ม กล้วย และสับประรดทั้งนี้ คาดว่าตลอดทั้งวันนี้จะมีประชาชนออกมาซื้อของกันเป็นจำนวนมาก."|[]|https://search.posttoday.com/track/visitAndRedirect?href=https%3A%2F%2Fwww.posttoday.com%2Fsocial%2Flocal%2F644962&contentId=pt-news644962|posttoday|social|นครสวรรค์,จีน,เทศบาลนครนครสวรรค์,อ.เมือง,จ.นครสวรรค์,จีน,จังหวัดนครสวรรค์บอ||สาวประณีต เรืองพล|||
644960|"โพลล์ ชี้ ตรุษจีนปีนี้ แยกกันไหว้ ""งดเที่ยว-งดสังสรรค์"""|2021-02-10 08:44:00|"กรุงเทพโพลล์ เผย ประชาชน ร้อยละ 58.2 ระบุ วันไหว้ตรุษจีนปีนี้จะใช้วิธีแยกกันไหว้ไม่รวมญาติเหมือนทุกปี ร้อยละ 86.0 เผย ปีนี้งดเที่ยว งดสังสรรค์ ขณะที่ ร้อยละ 95.3 ไม่มีแผนจะไปเที่ยว เนื่องจากติดสถานการณ์โควิด ประหยัดค่าใช้จ่าย							
เมื่อวันที่ 10 กพ. 64 เนื่องด้วยวันที่ 12 กุมภาพันธ์ นี้ เป็นวันตรุษจีน และเป็นวันที่รัฐบาลประกาศให้เป็นวันหยุดราชการกรณีพิเศษในปี 2564 กรุงเทพโพลล์ โดย ศูนย์วิจัยมหาวิทยาลัยกรุงเทพ จึงสำรวจความคิดเห็นประชาชนเรื่อง ""เซ่นไหว้ แบบไหน ในตรุษจีนปีฉลู""โดยเก็บข้อมูลจากประชาชนทั่วประเทศ จำนวน 1,212 คน พบว่าเมื่อถามผู้ที่ไหว้เทพเจ้า ไหว้บรรพบุรุษ และทำกิจกรรมต่างๆ ตามประเพณีจีน พบว่าได้มีการปรับรูปแบบการทำกิจกรรมต่างๆ ในช่วงเทศกาลตรุษจีนปีนี้ให้เหมาะสมกับสถานการณ์ดังนี้- ในวันจ่ายส่วนใหญ่ร้อยละ 63.5 ยังคงซื้อของไหว้ในวันจ่ายตามประเพณีเหมือนทุกปี รองลงมาร้อยละ 29.6 ระบุว่าปรับเป็นซื้อของไหว้เตรียมไว้ล่วงหน้าเพื่อลดความแออัดในวันจ่ายและร้อยละ 5.1 ระบุว่าสั่งซื้อของไหว้ออนไลน์- ในวันไหว้ส่วนใหญ่ร้อยละ 58.2 ระบุว่าแยกกันไหว้ ไม่รวมญาติเหมือนทุกปี รองลงมาร้อยละ 28.5 ระบุว่ายังไหว้แบบรวมญาติและทานอาหารร่วมกันเหมือนทุกปี และร้อยละ 11.7 ระบุว่าไหว้แบบรวมญาติเหมือนเดิม แต่งดทานอาหารร่วมกัน


สธ.เผยยอดติดโควิดลดต่อเนื่อง หลังคุมการระบาดให้อยู่ในวงจำกัดได้รวดเร็ว
ทูลกระหม่อมฯ ทรงแนะวัคซีนมีหลายยี่ห้อได้ขึ้นทะเบียนในหลายประเทศ


- ในวันเที่ยวส่วนใหญ่ร้อยละ 86.0 ระบุว่าปีนี้งดเที่ยว งดสังสรรค์ รองลงมาร้อยละ 9.0 ระบุว่า แยกกันไปไม่รวมญาติท่องเที่ยวเหมือนทุกปี และร้อยละ 5.0 ระบุว่า ยังรวมญาติท่องเที่ยวสังสรรค์เหมือนทุกปี- ในการแจกอั่งเปา พบว่าร้อยละ 49.4 แจกอั่งเป่าด้วยเงินสดใส่ซองเหมือนทุกปี ขณะที่ร้อยละ 41.6 ระบุว่าปีนี้งดแจกอั่งเปาเมื่อถามประชาชนทั่วไปว่าการกำหนดให้ ""วันตรุษจีน"" ในปีนี้เป็นวันหยุดราชการกรณีพิเศษทำให้มีการหยุดติดกัน 3 วัน มีแผนจะไปท่องเที่ยวหรือไม่อย่างไร พบว่า ส่วนใหญ่ร้อยละ 95.3 ระบุว่า ไม่มีแผนจะไปท่องเที่ยวโดยให้เหตุผลว่า ติดช่วง COVID-19 จึงไม่อยากเดินทาง ร้อยละ 40.7 รองลงมาคือ ช่วงนี้ต้องประหยัดค่าใช้จ่ายร้อยละ 21.3 และ ที่ทำงานไม่ได้หยุด ร้อยละ 19.2สำหรับการให้ ""วันตรุษจีน"" เป็นวันหยุดราชการกรณีพิเศษในปีนี้ ประชาชนร้อยละ 46.0 เห็นว่าจะช่วยส่งเสริมการท่องเที่ยวและกระตุ้นเศรษฐกิจในประเทศได้ปานกลาง รองลงมาร้อยละ 42.0 เห็นว่าช่วยได้น้อยถึงน้อยที่สุด และร้อยละ 12.0 ระบุว่า ช่วยได้มากถึงมากที่สุด"|[]|https://search.posttoday.com/track/visitAndRedirect?href=https%3A%2F%2Fwww.posttoday.com%2Fsocial%2Fgeneral%2F644960&contentId=pt-news644960|posttoday|social|กรุงเทพโพลล์,จีน|กรุงเทพโพลล์,ศูนย์วิจัยมหาวิทยาลัยกรุงเทพ,สธ.||||
644939|"""ประยุทธ์""เตรียมโผล่ ""TikTok"" ขอทีมงานใส่เพลงเบาๆน่ารักไม่เครียด"|2021-02-09 19:01:00|"นายกฯเตรียมโผล่ใน ""TikTok"" ประเดิมโพสต์คลิปแรกอวยพร ""ตรุษจีน"" แนะทีมงาน ใส่เสียงเพลงเบาๆ น่ารักๆ ไม่เครียด แถมจะออก Podcast ถี่ขึ้น พร้อมนำไปกระจายเสียงในวิทยุชุมชน มหาดไทย ด้วย							
นาย อนุชา บูรพชัยศรี โฆษกประจำสำนักนายกรัฐมนตรี กล่าวถึงความเป็นไปได้ ที่พล.อ.ประยุทธ์ จันทร์โอชา นายกรัฐมนตรี และรมว.กลาโหม จะเพิ่มช่องทางการสื่อสารกับประชาชนผ่านแอพพลิเคชั่น TikTok หลังก่อนหน้านี้มีการสื่อสารผ่านทาง PodCast ว่า ยังไม่แน่ แต่ขณะนี้นายกฯ ก็พยายามสื่อสารผ่านช่องทางต่างๆ เพิ่มเติมจากที่ปัจจุบันดำเนินการอยู่ ซึ่งแอพ TikTok ก็มีความเป็นไปได้ หากทุกคนอยากเห็น โดยมองเรื่องแพลตฟอร์มเป็นหลัก ซึ่ง TikTok ก็เป็นอีกแนวทางหนึ่ง อีกทั้งช่วงที่ผ่านมารองโฆษกประจำสำนักนายกรัฐมนตรีก็ได้ทำไปแล้วแหล่งข่าวจากทำเนียบรัฐบาล เปิดเผยว่า จากแนวคิดการสื่อสารกับประชาชนในหลายหลายช่องทางผ่านโซเชียลมีเดีย ล่าสุด ทีมสำนักโฆษกประจำสำนักนายกรัฐมนตรีได้เสนอให้นายกฯรัฐมนตรีสื่อสารกับประชาชนโดยใช้ช่องทาง ผ่านแอพพลิเคชั่น TikTok ซึ่งเป็นที่นิยมในขณะนี้มีคนหลายและมีคนหลายช่วงวัยเข้ามาใช้รูปแบบดังกล่าว


เจ้าอาวาสวัดเล่งเน่ยยี่อวยพร“บิ๊กตู่”มอบวัวกระทิงไม้-กระเช้า
ครม.เห็นชอบยกเลิกกฎหมาย 7 ฉบับ เหตุเนื้อหาล้าหลัง-ซ้ำซ้อน


ซึ่งพล.อ.ประยุทธ์ เห็นด้วยกับการใช้ช่องทางดังกล่าว โดยขอให้เจ้าหน้าที่ฝ่ายผลิตใส่เสียงเพลงเบาๆที่มีความน่ารัก ไม่เครียดลงไปด้วย โดยทางสำนักโฆษกประจำสำนักนายกรัฐมนตรีได้ผลิตเสร็จเรียบร้อยแล้ว เตรียมพร้อมประเดิมครั้งแรกอวยพร วันตรุษจีนในวันที่ 12 ก.พ.ความยาว 60 วินาทีก่อนหน้านี้ นายกรัฐมนตรี ได้ใช้หลายช่องทางในโซเชียลมีเดียสื่อสารกับประชาชนทั้งการสื่อสารผ่าน PodCast ที่จากนี้จะมีการสื่อสาร ทุกวันศุกร์ -เสาร์-วันอาทิตย์ เพื่อนำไปกระจายเสียงในวิทยุชุมชนท้องถิ่นของกระทรวงมหาดไทยด้วย"|[]|https://search.posttoday.com/track/visitAndRedirect?href=https%3A%2F%2Fwww.posttoday.com%2Fpolitic%2Fnews%2F644939&contentId=pt-news644939|posttoday|politic|ทำเนียบรัฐบาล|มหาดไทย,สำนักนายกรัฐมนตรี,กลาโหม,สำนักนายกรัฐมนตรี,สำนักนายกรัฐมนตรี,สำนักนายกรัฐมนตรี,กระทรวงมหาดไทย| อนุชา บูรพชัยศรี,ประยุทธ์ จันทร์โอชา,บิ๊กตู่,ประยุทธ์|||
644920|เจ้าอาวาสวัดเล่งเน่ยยี่อวยพร“บิ๊กตู่”มอบวัวกระทิงไม้-กระเช้า|2021-02-09 17:10:00|"“ธนกร”เผย เจ้าอาวาสวัดเล่งเน่ยยี่อวยพรให้ “บิ๊กตู่” ผ่านศึกซักฟอก พร้อมอวยพรสุขภาพแข็งแรง ทำงานให้ประเทศชาติและประชาชนต่อไป พร้อมมอบวัตถุมงคล							
วันที่ 9 ก.พ. นายธนกร วังบุญคงชนะ เลขานุการรัฐมนตรีประจำสำนักนายกรัฐมนตรี กล่าวว่า ช่วงใกล้เทศกาลตรุษจีน 2564 ตนได้เดินทางไปไหว้พระขอพรที่วัดมังกรกมลาวาส(เล่งเน่ยยี่ )เพื่อเป็นศิริมงคลในการทำงานให้กับประเทศ โดยได้พบกับหลวงจีนธรรมรัตจีนประจักษ์ (เย็นงี้)เจ้าอาวาสวัดมังกรกมลาวาส (เล่งเน่ยยี่) ซึ่งทางท่านเจ้าอาวาสวัดเล่งเน่ยยี่ได้ฝากอวยพรไปยังพล.อ.ประยุทธ์ จันทร์โอชา นายกรัฐมนตรี และรัฐมนตรีว่าการกระทรวงกลาโหม ขอให้พล.อ.ประยุทธ์ผ่านศึกอภิปรายไม่ไว้วางใจของฝ่ายค้าน มีกำลังใจในการทำงาน พร้อมอวยพรให้มีสุขภาพแข็งแรง ทำงานให้ประเทศชาติและประชาชนต่อไปนายธนกร กล่าวต่อว่า ท่านเจ้าอาวาสวัดเล่งเน่ยยี่ได้มอบ วัวกระทิงไม้ และกระเช้าตุ๊กตาวัวกระทิง เรียกว่าวัวมงคล วัวนำโชค วัวกระทิงปีฉลู ฝากให้ท่านนายกฯ เพื่อเป็นศิริมงคลให้กับท่านนายกรัฐมนตรีด้วย อย่างไรก็ตาม ส่วนตัวมองว่า การอภิปรายไม่ไว้วางใจครั้งนี้ไม่น่ากังวลอะไร เพราะที่ผ่านมารัฐบาลทำทุกอย่างเพื่อพี่น้องประชาชน ที่สำคัญพล.อ.ประยุทธ์มีความตั้งใจทำงานให้กับประชาชนด้วยความซื่อสัตย์สุจริต และพร้อมที่จะชี้แจงฝ่ายค้าน ตนจึงอยากให้การอภิปรายครั้งนี้สร้างสรรค์ ไม่อยากเห็นการนำข้อมูลเท็จมาอภิปราย ประเภทตีหัวเข้าบ้าน เพราะประชาชนไม่ได้ประโยชน์


สภาฯ ไฟเขียวส่งศาลตีความ ส.ส.ร.แก้รัฐธรรมนูญ
""เสรีรวมไทย""วอนอย่าขวางแก้รธน.จนนำไปสู่วิกฤติชาติ"|[]|https://search.posttoday.com/track/visitAndRedirect?href=https%3A%2F%2Fwww.posttoday.com%2Fpolitic%2Fnews%2F644920&contentId=pt-news644920|posttoday|politic|ไทย|สำนักนายกรัฐมนตรี,วัดมังกรกมลาวาส,กระทรวงกลาโหม,สภาฯ|บิ๊กตู่,ผ่านศึกซักฟอก พร้อมอวยพรสุขภาพแข็งแรง,ธนกร วังบุญคงชนะ,หลวงจีนธรรมรัตจีนประจักษ์,เย็นงี้,ประยุทธ์ จันทร์โอชา,ประยุทธ์ผ่านศึกอภิปราย,ธนกร,ประยุทธ์|||
644902|ธอส.ฉลองตรุษจีน ประมูลบ้านมือสองออนไลน์ 999 รายการ 11 ก.พ.นี้|2021-02-09 14:41:00|"ธอส. มอบอั่งเปาด้วยส่วนลดพิเศษอีก 10% จากราคาที่ปิดประมูลบ้านมือสอง สภาพดี คุ้มราคา ทั่วประเทศ							
นายฉัตรชัย ศิริไล กรรมการผู้จัดการ ธนาคารอาคารสงเคราะห์ (ธอส.) เปิดเผยว่า เนื่องในโอกาสเทศกาลตรุษจีน ปี 2564 ธอส. จึงได้จัดโปรโมชั่นพิเศษมอบให้แก่ลูกค้าที่ต้องการมีที่อยู่อาศัย เพื่อเป็นของขวัญที่ล้ำค่าให้กับตนเองและครอบครัว โดยนำบ้านมือสองทั่วประเทศรวม 999 รายการ มาออกประมูลให้กับลูกค้าได้เลือกซื้อง่าย ๆ ผ่าน Application : G H Bank Smart NPA ในวันพฤหัสบดีที่ 11 กุมภาพันธ์ 2564 เวลา 12.00 -13.00 น. ด้วยราคาเริ่มต้นประมูลที่ให้ส่วนลดพิเศษสูงถึง 40% จากราคาปกตินอกจากนี้ ผู้ชนะการประมูลยังมีสิทธิ์ได้รับอั่งเปาเป็นส่วนลดเพิ่มอีกถึง 10% จากราคาที่ปิดประมูล เพียงทำสัญญาและทำนิติกรรมภายในวันที่ 30 เมษายน 2564 สำหรับทรัพย์ที่นำมาเปิดประมูลในครั้งนี้ แบ่งเป็น ทรัพย์ที่ตั้งอยู่ในพื้นที่กรุงเทพฯ และปริมณฑล จำนวน 499 รายการ มีรายการที่น่าสนใจ อาทิ รายการที่ให้ส่วนลดสูงสุด 40% จากราคาปกติ คือ ห้องชุดขนาด 30.87 ตารางเมตร ในโครงการหมู่บ้านอยู่สบาย(หนึ่ง) อ.พระประแดง จ.สมุทรปราการ ราคาเริ่มต้นประมูล 180,000 บาท รายการที่ราคาเริ่มต้นประมูลต่ำสุดเพียง 45,000 บาท ได้แก่ ห้องชุด ขนาด 26.25 ตารางเมตร โครงการปลาทอง อ.เมืองปทุมธานี จ.ปทุมธานีส่วนทรัพย์เด่นทำเลดี อาทิ บ้านเดี่ยว พื้นที่ 58.9 ตารางวา ในหมู่บ้านชวนชมรัตน์ อ.บางบัวทอง จ.นนทบุรี ซึ่งใช้เวลาเดินทางไปยังรถไฟฟ้าสายสีม่วง สถานีคลองบางไผ่เพียง 18 นาทีเท่านั้น และศูนย์การค้าเซ็นทรัลพลาซ่า เวสต์เกต 20 นาที ราคาเริ่มต้นประมูล 2,955,000 บาท และทาวน์เฮ้าส์ เนื้อที่ 30 ตารางวา ในหมู่บ้านวรารักษ์ คลอง 3 คลองหลวง อ.คลองหลวง จ.ปทุมธานี เป็นทรัพย์ ที่อยู่ในบริเวณที่สามารถเดินทางไปยังศูนย์การค้าฟิวเจอร์พาร์ค รังสิต มหาวิทยาลัยกรุงเทพ วิทยาเขตรังสิต และตลาดไท ได้อย่างสะดวก ราคาเริ่มต้นประมูล 1,980,000 บาท


ธอส. MOU แพทยสภา ปล่อยสินเชื่อแพทย์6หมื่นราย
ธอส.เตรียมเงิน7หมื่นล้านบาท ปล่อยกู้คนรายได้น้อยมีบ้าน


ขณะที่ทรัพย์ที่ตั้งอยู่ในส่วนในภูมิภาค นำออกประมูลจำนวน 500 รายการ โดยทรัพย์ที่มีราคาเริ่มต้นประมูลต่ำสุด ได้แก่ บ้านแฝด 1 ชั้น เนื้อที่ 25 ตารางวา โครงการนภาศรีวิลเลจ อ.นายายอาม จ.จันทบุรี ราคาเริ่มต้นประมูล 325,000 บาท รายการทรัพย์ที่มีส่วนลดสูงสุด 40% จากราคาปกติ มีจำนวน 6 รายการ อาทิ ทาวน์เฮ้าส์ 2 ชั้น เนื้อที่ 21.90 ตารางวา อ.เมืองสงขลา จ.สงขลา ราคาเริ่มต้นประมูล 1,490,000 บาท และทาวน์เฮ้าส์ 2 ชั้น เนื้อที่ 20 ตารางวา อ.เมืองนครพนม จ.นครพนม ราคาเริ่มต้นประมูลเพียง 900,000 บาท โดยผู้ชนะการประมูล ต้องวางเงินประกันการซื้อทรัพย์สินตามจำนวนที่ธนาคารกำหนดเริ่มต้นเพียง 5,000 บาท (สำหรับทรัพย์ราคา ไม่เกิน 5 แสนบาท) และทำสัญญาจะซื้อจะขายภายใน 3 วันทำการ นับถัดจากวันที่ประมูล Onlineนอกจากนี้ ยังสามารถเลือกใช้โปรโมชั่นผ่อนดาวน์หรือสินเชื่อดอกเบี้ย 0% ตามระยะเวลาที่ธนาคารกำหนดได้ อีกด้วย ทั้งนี้ ผู้ที่สนใจเข้าร่วมประมูลสามารถดาวน์โหลด Application : G H Bank Smart NPA และลงทะเบียนเข้าร่วมประมูลออนไลน์ได้จนถึงวันที่ 11 กุมภาพันธ์ 2564 เวลา 12.40 น.(เฉพาะลูกค้าที่ยังไม่เคยลงทะเบียน) ติดตามข้อมูลข่าวสารของธนาคารเพิ่มเติมได้ที่ www.ghbhomecenter.com และ www.ghbank.co.th หรือติดต่อสอบถามรายละเอียดเพิ่มเติมที่ฝ่ายบริหาร NPA โทร. 0-2202-1582-3 และ 0-2202-1016 และฝ่ายบริหารหนี้ภูมิภาค โทร.0-2202-1170 และ 0-2202-2036 และ Facebook Fanpage ธนาคารอาคารสงเคราะห์"|[]|https://search.posttoday.com/track/visitAndRedirect?href=https%3A%2F%2Fwww.posttoday.com%2Ffinance-stock%2Fnews%2F644902&contentId=pt-news644902|posttoday|others|บ้านมือสอง,กรุงเทพฯ,ปริมณฑล,อ.พระประแดง,จ.สมุทรปราการ,อ.เมืองปทุมธานี,หมู่บ้านชวนชมรัตน์,อ.บางบัวทอง,จ.นนทบุรี,สถานีคลองบางไผ่,ศูนย์การค้าเซ็นทรัลพลาซ่า เวสต์เกต,คลองหลวง,อ.คลองหลวง,จ.ปทุมธานี,ศูนย์การค้าฟิวเจอร์พาร์ค,รังสิต,จ.จันทบุรี,อ.เมืองสงขลา,จ.สงขลา,อ.เมืองนครพนม,จ.นครพนม|ธอส.,ธนาคารอาคารสงเคราะห์,ธอส.,ธอส.,มหาวิทยาลัยกรุงเทพ วิทยาเขตรังสิต,ธอส.,ธอส.,Facebook,ธนาคารอาคารสงเคราะห์|ฉัตรชัย ศิริไล,ปทุมธานีส่วนทรัพย์เด่นทำเลดี อาทิ บ้านเดี่ยว,บ้านวรารักษ์ คลอง,ายอาม||www.ghbhomecenter.com,www.ghbank.co.th|
644888|โฆษกศบค.ยืนยันแม่ค้าขายหมูในอัมพวาไม่ใช่คลัสเตอร์โควิดใหม่|2021-02-09 13:25:00|"โฆษกศบค.แจง แม่ค้าขายหมูอาศัยในอัมพวา ติดโควิดมาจากตลาดรถไฟมหาชัย ยืนยันไม่ใช่คลัสเตอร์รายใหม่ แต่เป็นเพียงผู้ป่วยที่เชื่อมโยงจากสมุทรสาคร เป็นการค้นหาเชิงรุกในตลาดรถไฟมหาชัย							
นพ.ทวีศิลป์ วิษณุโยธิน โฆษกศูนย์บริหารสถานการณ์โควิด-19 กล่าวถึง กรณีแม่ค้าขายหมูมีภูมิลำเนาอยู่ อ.อัมพวา จ.สมุทรสงคราม ติดเชื้อโควิด-19 นั้น ต้นทางการติดเชื้อไม่ได้มาจาก อ.อัมพวา แต่ติดจากตลาดรถไฟ ต.มหาชัย อ.เมือง จ.สมุทรสาคร ยืนยันไม่ใช่คลัสเตอร์ใหม่ แต่เป็นการเชื่อมโยงจาก จ.สมุทรสาคร เป็นการค้นหาเชิงรุกในตลาดรถไฟ ต.มหาชัย""แม่ค้าขายหมูรายนี้เริ่มป่วย 22 ม.ค. จากนั้นลูกสะใภ้ตรวจพบเชื้อ ไม่ได้หมายความว่าทำให้ อ.อัมพวาน่าห่วง ส่วนตัวเลขผู้ติดเชื้อ 87 รายตามหน้าสื่อนั้น เกิดจากกลุ่มก้อนตลาดรถไฟ ต.มหาชัย แบ่งเป็นสัญชาติไทย 33 ราย เมียนมา 52 ราย และลาว 2 ราย ขณะที่สถานการณ์ในพื้นที่ กทม. การพบเชื้อจะพบในโรงงาน ชุมชน และเชื่อมโยงกับวงปาร์ตี้""โฆษกศบค.กล่าว


ทูลกระหม่อมฯ ทรงแนะวัคซีนมีหลายยี่ห้อได้ขึ้นทะเบียนในหลายประเทศ
""อนุทิน"" แจงปมท้องถิ่น-เอกชนยังจัดซื้อวัคซีนโควิดไม่ได้


นพ.ทวีศิลป์ กล่าวอีกว่า แอปพลิเคชั่นไทยชนะยังมีความจำเป็นอยู่ โดยปัจจุบันมีกิจการร้านค้าลงทะเบียนแล้ว 383,968 แห่ง เพิ่มขึ้น 516 แห่ง ถือว่าน้อยมาก จึงอยากให้ลงทะเบียนให้ได้หลักล้าน ส่วนประชาชน ขณะนี้มีผู้ดาวน์โหลด 2,912,848 ครั้ง เพิ่มขึ้น 26,033 ครั้ง ส่วนแอปพลิเคชั่นหมอชนะ มีผู้ใช้ 6.7 ล้านคน ตัวเลขคงที่ จึงอยากให้ประชาชนได้ดาวน์โหลดมาใช้อย่างไรก็ตาม อีกไม่กี่วันจะถึงเทศกาลตรุษจีน มีวันหยุดต่อเนื่อง 3 วัน อยากให้ทุกคนปฏิบัติตัวในภาวะปกติแบบวิถีใหม่ การจับจ่ายใช้สอยอยากให้ดูแลสุขอนามัยส่วนตัว ส่วนผู้ประกอบการหรือแหล่งท่องเที่ยวอยากให้อยู่ในระบบไทยชนะให้ได้มากที่สุดเพื่อจะได้ปลอดภัย ส่วนประชาชนเราอยู่อย่างนี้มาโดยตลอด วัคซีนจะมาช้าหรือเร็วแทบไม่ได้มีผลกับคนไทย เพราะสิ่งที่เกิดขึ้นคือ เรามีหน้ากากอนามัยและหน้ากากผ้าในการป้องกันอนามัยส่วนตัว ไม่ต้องเจ็บจากการฉีควัคซีน ใช้เงินน้อย ขอให้ใส่หน้ากากตลอดเวลาอยู่ในพื้นที่ชุมชน"|[]|https://search.posttoday.com/track/visitAndRedirect?href=https%3A%2F%2Fwww.posttoday.com%2Fsocial%2Fgeneral%2F644888&contentId=pt-news644888|posttoday|social|"ตลาดรถไฟมหาชัย,สมุทรสาคร,จ.สมุทรสงคราม,อ.อัมพวา,ตลาดรถไฟ,ต.มหาชัย,อ.เมือง,จ.สมุทรสาคร,จ.สมุทรสาคร,ตลาดรถไฟ,ต.มหาชัย""แม่ค้าขาย,อ.อัมพวา,ต.มหาชัย,ไทย,เมียนมา,ลาว,กทม.,ไทย"|ศบค.แจง แม่ค้าขายหมู,ตลาดรถไฟ,ศบค.,อนามัยส่วนตัว|ทวีศิลป์,วิษณุโยธิน,อัมพวา,ทวีศิลป์|||
644886|"""ศรีริต้า"" ยิ่งท้องแก่ยิ่งออร่าพุ่ง! แต่งชุดจีนรับตรุษจีน “กรณ์” ตั้งชื่อจีนให้ว่า ""เหมยลี่"""|2021-02-09 13:04:00|"แม่เดินเก่งมาก! ""ศรีริต้า"" แต่งเป็นอาหมวยต้อนรับตรุษจีน “กรณ์” ตั้งชื่อจีนให้ว่า ""เหมยลี่""
							
ยิ่งท้องแก่ยิ่งสวยจริงๆ สำหรับว่าที่คุณแม่ลูกหนึ่ง “ศรีริต้า เจนเซ่น” ที่นับถอยหลังรอวันให้กำเนิดลูกชายทายาทหมื่นล้าน ท่ามกลางความตื่นเต้นของสามี “กรณ์ ณรงค์เดช” และครอบครัวล่าสุดทาง ""ศรีริต้า"" ได้ลุกขึ้นมาแปลงโฉมตัวเองเป็นอาหมวยสุดแบ๊ว ต้อนรับเทศกาลตรุษจีน พร้อมกับถ่ายคลิปวิดีโอโชว์เสต็ปการเดินแบบปังๆ และเท่านั้นยังไม่พอ งานนี้ทางสามียังได้ตั้งชื่อจีนให้อีกด้วยว่า “เหมยลี่” เรียกว่าไพเราะและคู่ควรกับความสวยของเธอจริงๆ


  “ปู ไปรยา” เผยแฟชั่นเซ็กซี่เซตใหม่กับเสื้อเกาะอกสีขาวตัวจิ๋ว มองแล้วเพลินตามาก
หวานไม่พัก “ไฮโซณัย"" เข้าครัวทำอาหารเอาใจ ""แต้ว"" แต่ละเมนูน่ากินมาก"|[]|https://search.posttoday.com/track/visitAndRedirect?href=https%3A%2F%2Fwww.posttoday.com%2Fent%2Fnews%2F644886&contentId=pt-news644886|posttoday|entertainment|||"เหมยลี่""
							
ยิ่งท้องแก่ยิ่งสวยจริงๆ,ศรีริต้า เจนเซ่น,“กรณ์ ณรงค์เดช,เหมยลี่"|||
644864|La boutique เปิดตัวคอลเลกชั่น Xin Tian Di สีสันแห่งความโชคดีของสตรีและบุรุษ|2021-02-09 10:11:00|"แบรนด์แฟชั่นชั้นนำ ‘ลา บูทีคส์’ (La boutique) ต้อนรับเทศกาลตรุษจีน 2021 อย่างงดงามด้วยการเปิดตัวคอลเลกชั่น ‘ซิน เทียน ตี้’ (Xin Tian Di) ที่ได้รับแรงบันดาลใจจากสีแห่งความโชคดี ผสมผสานกลิ่นอายวัฒนธรรมอันล้ำค่าของเครื่องแต่งกายจีนโบราณ สู่ผลงานการรังสรรค์ชุดสวยสำหรับสุภาพสตรีและสุภาพบุรุษแบบร่วมสมัย							
ต้อนรับเทศกาลตรุษจีนประจำปี 2021 ไปกับแบรนด์เสื้อผ้าแฟชั่นชั้นนำอย่าง La boutique ที่ล่าสุด พัชรวัฒน์ ตระกาลสันติกูล ครีเอทีฟไดเร็คเตอร์ฝีมือเฉียบได้รังสรรค์คอลเลกชั่นแห่งความโชคดี Xin Tian Di ได้อย่างงดงาม โดยหยิบยกนำเอาความเชื่อในเรื่องสีมงคลที่ชาวจีนให้ความสำคัญมาตั้งแต่โบราณกาลมาผสมผสานกับวัฒนธรรมการตัดเย็บเครื่องแต่งกายอันล้ำค่าของชาวจีนโบราณ ถ่ายทอดสู่ผลงานการรังสรรค์ชุดสวยสำหรับสุภาพสตรีและสุภาพบุรุษแบบร่วมสมัยตามแบบฉบับ La boutiqueพัชรวัฒน์ ตระกาลสันติกูล กล่าวถึงแนวคิดหลักในการออกแบบคอลเลกชั่นนี้ว่า “ในคอลเลกชั่นนี้เราอยากจะนำเสนอเรื่องราวของเฉดสีมงคลในวัฒนธรรมของชาวจีนทั้ง 6 สีหลัก ซึ่งประกอบไปด้วย สีแดง, สีเหลือง, สีน้ำเงิน, สีเขียว, สีฟ้า, สีชมพูและสีทอง มาผสมผสานกับความงดงามอันล้ำค่าของโครงร่างชุดจีนโบราณ โดยผ่านการตัดทอนและต่อยอดไอเดียอันสดใหม่ สู่ชุดดีไซน์สวยตามแบบฉบับ ‘ลา บูทีคส์’ (La boutique) ที่ทางทีมดีไซน์เนอร์ได้สร้างสรรค์ออกมาให้ดูร่วมสมัยมากยิ่งขึ้น สามารถสวมใส่ได้ในชีวิตประจำวัน และในเทศกาลพิเศษ อาทิ การเฉลิมฉลองเทศกาลตรุษจีนที่กำลังจะมาถึงนี้”สำหรับคอลเลกชั่น ‘ซิน เทียน ตี้’ (Xin Tian Di) นี้ ทางทีมดีไซน์เนอร์ได้หยิบยกเรื่องราวของสีสันแห่งความโชคดีที่ชาวจีนให้ความสำคัญ ซึ่งเปรียบเสมือนคำอวยพรอันมงคลมาเป็นแรงบันดาลใจหลักในการรังสรรค์ผลงาน นำเสนอผ่านซิลลูเอทอันโดดเด่น จากการนำโครงชุดจีนแบบดั้งเดิมอย่าง ชุดกี่เพ้า ชุดฉางชาน และชุดถังจวง มาสร้างสรรค์ใหม่ให้มีความร่วมสมัยมากยิ่งขึ้น อย่าง เสื้อคอจีนแบบโอเวอร์ไซส์, กางเกงจั๊มเปอร์ที่ให้ความรู้สึกถึงความสะดวกสบายขณะสวมใส่, เสื้อแขนยาวเข้ารูปเพิ่มลูกเล่นอย่างการเจาะคอตกแต่งให้เป็นรูปหยดน้ำ, กางเกงเลกกิ้งเข้ารูป รวมถึงกางเกงขาม้าที่ช่วยขับรูปร่างให้ดูโดดเด่นได้เป็นอย่างดี ผสมผสานกับโครงร่างชุดแบบสตรีท/สปอร์ตแวร์ ให้สามารถสวมใส่ได้ในทุกโอกาสโดยสีที่เป็นหัวใจหลักของการออกแบบเสื้อผ้าในคอลเลกชั่นนี้ ได้แก่ สีโทนร้อน อย่าง สีแดง (Carnelian), สีชมพู (Rouge) และสีเหลือง (Blonde) สลับกับสีโทนเย็นอย่าง สีน้ำเงิน (Mid night blue), สีเขียว (Olive) และสีฟ้า (Blue Pearl) ซึ่งสีเหล่านี้เปรียบเสมือนความมงคลที่ชาวจีนนำมาเป็นที่ยึดเหนี่ยวจิตใจ โดยแต่ละสีที่ทางแบรนด์เลือกมาใช้นั้นล้วนแล้วมีความหมายที่ลึกซึ้งและส่งเสริมความเป็นมงคลให้กับผู้สวมใส่ไม่ว่าจะเป็น สีแดง ที่เปรียบเสมือนกับสัญลักษณ์ของไฟ สร้างความสุข ความหวัง และความโชคดี สีแดงจึงกลายเป็นสัญลักษณ์แห่งวัฒนธรรมอันล้ำค่าของชาวจีน ถัดมาที่ สีเหลือง เป็นสัญลักษณ์ของผืนแผ่นดิน ความงอกงาม และความสูงส่ง


Samyan Chinese New Year 2021 จัดเต็มกิน-เที่ยว-ช้อป สไตล์ไชนีสป๊อปคัลเจอร์
จะเกิดอะไรขึ้นกับตลาดทุนจีน...ในช่วงตรุษจีน


ต่อมาที่ สีน้ำเงิน บ่งบอกถึงความสงบ สุขุมเยือกเย็น หนักแน่น และยังหมายถึงความละเอียดรอบคอบ นอกจากนี้ยังมี สีเขียว สีแห่งความร่ำรวย การเจริญเติบโตในทิศทางที่ดีขึ้น หรือ สีฟ้า ที่บ่งบอกถึงความเป็นอิสระ ความสบาย และความปลอดภัย รวมไปถึง สีชมพู ที่ต้องการสื่อสารให้เห็นถึงความสดใส ความรักความบริสุทธิ์ไร้เดียงสาและสีทอง ที่หมายถึงความร่ำรวย ความอุดมสมบูรณ์ ความเคารพ ความเฉียบแหลม รวมถึงอำนาจและชัยชนะ ซึ่งเป็นสีที่นิยมใช้เพื่อเสริมพลังบวกควบคู่ไปกับสีอื่นๆ ได้เป็นอย่างดี โดยสีทั้งหมดที่ปรากฏอยู่ในคอลเลกชั่น Xin Tian Di นี้ยังสามารถจับคู่สีเข้าด้วยกัน เพื่อสร้างสรรค์ลุคใหม่ๆ ได้อย่างสนุกสนานได้อย่างไม่รู้จบนอกจากนี้ทางแบรนด์ยังได้ใช้เทคนิคการตัดเย็บขั้นสูงในรูปแบบแคชชวล ลักซ์ชัวรี (Casual luxury) ด้วยการนำวัสดุหลักของคอลเลกชั่น อย่าง ผ้าสแปนเด็กซ์คอตตอนหลากสีมาทอเป็นลอนริ้วเพื่อช่วยขับเน้นรูปร่างของผู้สวมใส่ พร้อมทั้งยังสร้างผิวสัมผัสให้เสื้อผ้าให้ดูมีมิติยิ่งขึ้น นอกจากนี้ยังความพิเศษด้วยการเย็บตะเข็บแทรกด้วยผ้ากุ๊นซาตินเนื้อเงาตัดสี ที่ ให้กลิ่นอายความสปอร์ต รวมถึงยังมีการปักประดับตกแต่งด้วยกระดุมโลหะลวดลายสามมิติที่ได้จัดทำขึ้นมาเป็นพิเศษ โดยใช้วัสดุเนื้อทองเหลืองชุบเคลือบกับเนื้อทอง ช่วยสร้างความหรูหราสะกดทุกสายตานอกจากนี้ พัชรวัฒน์ ตระกาลสันติกูล ยังได้แนะนำไอเดียในการมิกซ์แอนด์แมทช์เสื้อผ้าต้อนรับช่วงเวลาแห่งการเฉลิมฉลองในเทศกาลตรุษจีนตามแบบฉบับหนุ่มสาว ลา บูทีคส์ นี้ว่า “เราอยากจะให้หนุ่มสาวรุ่นใหม่กล้าที่จะออกมาแต่งตัวให้สนุกสนานมากยิ่งขึ้น ซึ่งจุดเด่นของคอลเลกชั่นนี้ก็คงจะหนี้ไม่พ้นสีสันที่หลากหลายและซิลลูเอทที่โดดเด่นไม่เหมือนใคร อย่างเช่น หนุ่มสาวที่อยากจะเริ่มแต่งตัวในโทนสีคัลเลอร์ฟูลแต่ยังรู้สึกไม่ค่อยมั่นใจ ก็อาจจะเริ่มจากการจับคู่เสื้อครอปและกางเกงจั๊มเปอร์เข้าชุดที่มีโทนสีเดียวกัน ซึ่งลุคนี้จะเป็นการผสมผสานความเฟมินีนและความสปอร์ตแวร์ได้อย่างลงตัว หรือคู่รักที่อยากจะแต่งตัวให้แมทช์กันก็สามารถเลือกหยิบเสื้อคอจีนและกางเกงขาม้าที่เราออกแบบมาเป็นพิเศษเพื่อให้สามารถสวมใส่ได้ทั้งชายและหญิง สำหรับหนุ่มคนไหนที่ยังแต่งตัวไม่ค่อยเก่ง ก็อยากจะชวนให้ลองมาแต่งตัวเข้ากับเทศการตรุษจีน อย่างเสื้อโอเวอร์ไซส์ใส่เข้าชุดกับกางเกงจั๊มเปอร์ เสริมความคลาสสิกให้กับลุคด้วยรองเท้าผ้าใบและหมวกวินเทจก็จะได้ลุคที่โดนเด่นไปกว่าเดิม”ร่วมสัมผัสเครื่องแต่งกายจากแบรนด์ La Boutique ที่จะช่วยเสริมความเป็นสิริมงคลต้อนรับเทศกาลตรุษจีนในปี 2021 กับคอลเลกชั่น Xin Tian Di ได้แล้ววันนี้ที่ สยามสแควร์วัน, เซ็นทรัลเวิลด์ และสยามพารากอน"|[]|https://search.posttoday.com/track/visitAndRedirect?href=https%3A%2F%2Fwww.posttoday.com%2Flife%2Fwork-life-balance%2F644864&contentId=pt-news644864|posttoday|others|จีน,จีน,จีน,จีน,จีน,จีน,คอลเลกชั่น Xin,สยามสแควร์วัน, เซ็นทรัลเวิลด์|‘ลา บูทีคส์’,คอลเลกชั่น,คอลเลกชั่น,คอลเลกชั่น Xin,สยามพารากอน|"ผสมผสานกลิ่นอายวัฒนธรรมอันล้ำค่าของเครื่องแต่งกายจีนโบราณ,พัชรวัฒน์ ตระกาลสันติกูล ครีเอทีฟไดเร็คเตอร์ฝีมือเฉียบได้รังสรรค์คอลเลกชั่นแห่งความโชคดี Xin,พัชรวัฒน์ ตระกาลสันติกูล,เปรียบเสมือนคำอวยพรอันมงคล,ซิลลูเอทอันโดดเด่น,กางเกงเลกกิ้งเข้ารูป,สไตล์ไชนีสป๊อปคัลเจอร์
,บ่งบอกถึงความสงบ สุขุมเยือกเย็น หนักแน่น,แคชชวล ลักซ์ชัวรี,ผ้าสแปนเด็กซ์คอตตอนหลากสีมาทอเป็นลอนริ้ว,พัชรวัฒน์ ตระกาลสันติกูล,ตรุษจีนตามแบบฉบับหนุ่มสาว ลา บูทีคส์,สีคัลเลอร์ฟูล"|||
644862|หุ้นไทย9ก.พ.64 มีลุ้นดัชนีรีบาวด์บวกต่อ ทองขึ้น250บาท|2021-02-09 09:28:00|"นักวิเคราะห์คาดตลาดหุ้นไทย 9 ก.พ.64 แนวโน้มดัชนีรีบาวด์ขึ้นต่อเช่นเดียวกับตลาดต่างประเทศที่เคลื่อนไหวในแดนบวก ขณะที่ราคาทองคำในประเทศปรับขึ้น 250 บาท							
เมื่อวันที่ 9 ก.พ.64 นายกิติชาญ ศิริสุขอาชา ผู้อำนวยการอาวุโสฝ่ายวิเคราะห์หลักทรัพย์รายย่อย บล.ซีจีเอส-ซีไอเอ็มบี (ประเทศไทย) กล่าวว่า ตลาดหุ้นไทยเช้านี้คาดว่าจะรีบาวด์ขึ้นต่อได้เช่นเดียวกับตลาดต่างประเทศ โดยตลาดหุ้นในภูมิภาคเอเชียเช้านี้ต่างปรับตัวขึ้น, ตลาดในยุโรปก็บวก, ตลาดสหรัฐฯก็ปรับขึ้น ขานรับความคืบหน้ามาตรการกระตุ้นเศรษฐกิจสหรัฐฯที่น่าจะออกมาได้ก่อน 15 มี.ค.นี้ และการที่ เทสลา อิงค์ บริษัทผลิตรถยนต์ไฟฟ้าของนายอีลอน มัสก์ ได้เข้าซื้อบิตคอยน์ และอนุญาตให้ลูกค้าสามารถนำบิตคอยน์มาจ่ายซื้อรถยนต์ได้ด้วย ทำให้ดัชนี Nasdaq ปรับตัวขึ้นแรง และธนาคารกลางสหรัฐฯ (เฟด) ก็ยังดำเนินนโยบายที่จะใช้อัตราดอกเบี้ยต่ำไปอีกนานส่วนบ้านเราน่าจะได้แรงหนุนจากนักลงทุนต่างชาติซื้อสุทธิกว่า 4 พันล้านบาทเมื่อวานนี้ และราคาน้ำมันก็ยังปรับขึ้นมาทำ New High ในรอบปีกว่า น่าจะช่วยหนุนหุ้นในกลุ่มพลังงาน และกลุ่มแบงก์ ปรับตัวขึ้นได้ดีในวันนี้ อย่างไรก็ดี ให้ติดตามการประชุมคณะรัฐมนตรี (ครม.) วันนี้จะมีมาตการกระตุ้นเศรษฐกิจอะไรออกมาเพิ่มเติมหรือไม่ และติดตามการทยอยประกาศผลประกอบการของบริษัทจดทะเบียน รวมถึงพรุ่งนี้ให้ติดตามการทบทวนของ MSCI และในวันที่ 11 ก.พ.นี้หุ้นบมจ.ปตท.น้ำมันและการค้าปลีก (OR) จะเข้าเทรดวันแรกน่าจะช่วยหนุนให้ตลาดคึกคักได้ และตลาดอาจจะชะลอบ้างเนื่องจากเข้าสู่ช่วงเทศกาลตรุษจีน


หุ้นไทย 8ก.พ.64 มีลุ้นดัชนีทะลุแนว1,500จุด
แนวโน้มหุ้นไทย2ก.พ.64 คาดดัชนีฟื้นตัวตามตลาดโลก


พร้อมให้แนวรับ 1,507-1,500 จุด ส่วนแนวต้าน 1,525-1,530 จุดด้าน สมาคมค้าทองคำรายงานราคาทองคำประจำวัน ปรับขึ้น 250 บาท ทองแท่งรับซื้อ 25,950 บาท ขายออก 26,050 บาท ทองรูปพรรณ รับซื้อ 25,483.96 บาท ขายออก 26,550 บาท"|[]|https://search.posttoday.com/track/visitAndRedirect?href=https%3A%2F%2Fwww.posttoday.com%2Ffinance-stock%2Fstock%2F644862&contentId=pt-news644862|posttoday|others|ไทย,ประเทศไทย,ไทย,เอเชียเช้านี้,ยุโรป,สหรัฐฯ,สหรัฐฯ,ไทย,แนวโน้มหุ้นไทย2ก.พ.64|อาวุโสฝ่ายวิเคราะห์หลักทรัพย์รายย่อย บล.ซีจีเอส-ซีไอเอ็มบี,เทสลา,ธนาคารกลางสหรัฐฯ,กลุ่มแบงก์,บริษัทจดทะเบียน,หุ้นบมจ.ปตท.น้ำมันและการค้าปลีก,สมาคมค้าทองคำ|กิติชาญ ศิริสุขอาชา,อีลอน มัสก์|||
644809|จับตาเนื้อคู่ยามดูซีรีส์ เปิดคำทำนายดวงตามปีนักษัตรต้อนรับตรุษจีน 2021|2021-02-09 09:50:00|"Netflix จัดเต็มคำทำนายรับตรุษจีนสำหรับ 12 ปีนักษัตร แบบครบเครื่อง ทั้งสุขภาพ การเงิน และความรัก แล้วยังเทียบเคียงเนื้อคู่ของคุณกับเหล่านักแสดงขวัญใจใน Netflix ให้ด้วย							
ปีชวดสุขภาพ: ปีนี้สุขภาพของคุณไม่มีอะไรต้องกังวล! พยายามเคลื่อนไหวและออกกำลังกายอยู่เสมอเพื่อให้ร่างกายแข็งแรงสมบูรณ์การเงิน: การลองเสี่ยงโชคอะไรใหม่ๆ อาจนำไปสู่โชคลาภที่ไม่คาดคิด แต่ให้หลีกเลี่ยงการพนัน และระมัดระวังการลงทุนในอสังหาริมทรัพย์ความรัก: ความอดทนเป็นกุญแจสำคัญ คนโสดมีเกณฑ์จะพบคู่ปลายปีนี้หรือต้นปีหน้าคู่ที่เหมาะสม: ปีวอกเนื้อคู่ของคุณ: Millie Bobby Brown จากเรื่อง Stranger Thingsเพื่อนร่วมนักษัตรของคุณ: Jo Byung-gyu จากเรื่อง The Uncanny Counterปีฉลูสุขภาพ: คุณควรใส่ใจสุขภาพของคุณเป็นพิเศษหน่อยในปีนี้ ลองเลือกเล่นกีฬาใหม่ ๆ แต่อย่าหักโหมมากเกินไปการเงิน: ภาพรวมการเงินของคุณในปีนี้ดีมาก อย่าลืมมองหาโอกาสใหม่ๆ กับกลุ่มผู้มีความคิดสร้างสรรค์รอบตัวคุณความรัก: หากคุณกำลังวางแผนที่จะขอคู่รักของคุณแต่งงาน ปีนี้นับเป็นปีที่ดีสำหรับคุณ! หากคุณโสด อย่ากังวลไป เพราะคุณกำลังจะได้เริ่มต้นปลูกต้นรักครั้งใหม่คู่ที่เหมาะสม: ปีระกาเนื้อคู่ของคุณ: Ben Platt จากเรื่อง The Politicianเพื่อนร่วมนักษัตรของคุณ: Lana Condor จากเรื่อง To All The Boys film trilogyปีขาลสุขภาพ: สุขภาพจิตและอารมณ์เป็นกุญแจสำคัญของคุณในปีนี้ ตรวจสอบให้แน่ใจว่าคุณมีเวลาชาร์จพลังอย่างสม่ำเสมอ และมีวันหยุดพักผ่อนอย่างเพียงพอการเงิน: ตรวจสอบการใช้จ่ายของคุณให้ดี ปีนี้การเงินของคุณอาจจะตึงมืออยู่สักหน่อย อะไรที่ไม่จำเป็นก็ชะลอไว้ก่อน หลีกเลี่ยงการมีปัญหากับธนาคารไว้หน่อยก็จะดี ก่อนจะรูดบัตร ลองถามตัวเองดีๆ ว่าคุณต้องการรองเท้าคู่ใหม่จริงๆ หรือไม่ความรัก: หากคุณกำลังมีความรัก ให้ระวังคนที่คุณจะมอบหัวใจให้สักนิด คุณควรรักตัวเองก่อนเสมอคู่ที่เหมาะสม: ปีจอเนื้อคู่ของคุณ: Son Ye-Jin จากเรื่อง Clash Landing on You, Priyanka Chopra จากเรื่อง The White Tigerเพื่อนร่วมนักษัตรของคุณ: Penn Badgley จากเรื่อง You, Robert Pattinson จากเรื่อง The Devil All the Timeปีเถาะสุขภาพ: หายใจเข้าลึกๆ และอย่าปล่อยให้ความเครียดมาทับถมคุณ รับประทานอาหารให้เพียงพอการเงิน: คุณอยากเลื่อนตำแหน่งหรือเปล่า? ทำใจกล้าๆ แล้วเดินไปบอกหัวหน้าของคุณเลย เพราะความพยายามของคุณสมควรที่จะได้รับรางวัล!ความรัก: มีแนวโน้มที่จะได้แต่งงาน ดังนั้นทั้งคุณและคู่ของคุณจะต้องประนีประนอมกันมากขึ้น สำหรับคนโสด ไม่มีเวลาไหนที่จะดีไปกว่าการให้ความสำคัญกับตัวคุณเองคู่ที่เหมาะสม: ปีกุนเนื้อคู่ของคุณ: Adam Driver จากเรื่อง Marriage Story, Phoebe Dynevor จากเรื่อง Bridgertonเพื่อนร่วมนักษัตรของคุณ: Kiernan Shipka จากเรื่อง Chilling Adventures of Sabrina, Lee Min-ho จากเรื่อง The King: Eternal Monarchปีมะโรงสุขภาพ: มีแนวโน้มที่ดี แต่อย่าลืมผ่อนคลายและหยุดพักจากงานบ้างการเงิน: สถานการณ์การเงินของคุณจะดีขึ้น แต่ก็ควรระมัดระวังในการใช้จ่ายเงินความรัก: ในครึ่งปีแรกจะมีทั้งทุกข์และสุข ถ้าหากคุณยังโสด ปี 2021นี้ถือว่าเป็นปีที่ดีในการเริ่มต้นความสัมพันธ์ครั้งใหม่คู่ที่เหมาะสม: ปีชวดเนื้อคู่ของคุณ: Noah Centineo จากเรื่อง To All The Boys film trilogy, Anya Taylor-Joy จากเรื่อง Queen’s Gambit , Zendaya จากเรื่อง Malcolm & Marieเพื่อนร่วมนักษัตรของคุณ: Keanu Reeves จากเรื่อง Always Be My Maybeปีมะเส็ง


Samyan Chinese New Year 2021 จัดเต็มกิน-เที่ยว-ช้อป สไตล์ไชนีสป๊อปคัลเจอร์
La boutique เปิดตัวคอลเลกชั่น Xin Tian Di สีสันแห่งความโชคดีของสตรีและบุรุษ


สุขภาพ: คุณอาจรู้สึกเครียด ดังนั้นการดูแลสุขภาพจิตให้ดีจึงเป็นสิ่งสำคัญ อย่าลืมนอนหลับพักผ่อนให้เพียงพอ และลองหาเวลาทำกิจกรรมนอกบ้านบ้างการเงิน: คุณจะมีเงินเมื่อคุณต้องการ ใจกว้างเข้าไว้ โดยเฉพาะอย่างยิ่งกับครอบครัวและเพื่อนที่คุณไว้วางใจ เพราะพวกเขาจะช่วยเหลือคุณเมื่อมีการเปลี่ยนแปลงช่วงปลายปีนี้ความรัก: คุณจะมีโชคในเรื่องต่างๆรวมถึงเรื่องของความรักด้วย ความสัมพันธ์ที่คุณจะสร้างขึ้นในปีนี้มีคุณค่ามาก จงเชื่อมั่นและศรัทธาในรักครั้งนี้คู่ที่เหมาะสม: ปีฉลูเนื้อคู่ของคุณ: Song Joong-ki จากเรื่อง Space Sweepers, Lana Condor จากเรื่อง To All The Boys film trilogyเพื่อนร่วมนักษัตรของคุณ: Lily Collins จากเรื่อง Emily in Parisปีมะเมียสุขภาพ: ยอดเยี่ยมในช่วงครึ่งปีแรก อย่างไรก็ตามในช่วงปลายปี คุณควรตรวจสุขภาพเพื่อป้องกันและหลีกเลี่ยงความเสี่ยงของโรคต่างๆการเงิน: ความสำเร็จกำลังจะมาถึงคุณ ตั้งใจทำงานต่อไปและคุณจะได้รับผลตอบแทนที่สมควรได้รับความรัก: ปี 2021 ไม่ใช่ช่วงเวลาที่ดีที่สุดในการเริ่มต้นความสัมพันธ์แบบโรแมนติก คู่รักที่แต่งงานแล้วควรให้ความสำคัญกับคู่ของตนมากขึ้น ในขณะที่คนโสดไม่ควรเข้าไปเกี่ยวข้องกับความสัมพันธ์ที่ไม่จริงจังคู่ที่เหมาะสม: ปีขาลเนื้อคู่ของคุณ: Park Shin-hye จากเรื่อง #Aliveเพื่อนร่วมนักษัตรของคุณ: Regé-Jean Page จากเรื่อง Bridgertonปีมะแมสุขภาพ: ไม่ค่อยมีปัญหาด้านสุขภาพ แต่คุณควรใส่ใจและให้ความสำคัญกับระบบภูมิคุ้มกัน และสุขอนามัยของคุณ และแน่นอนที่สุดว่า การพักผ่อนให้เพียงพอก็เป็นสิ่งที่จำเป็นมากเช่นกัน!การเงิน: ได้เวลาลงทุนกับความคิดสร้างสรรค์ของคุณ ลองใช้โอกาสนี้หาช่องทางการเงินในรูปแบบใหม่ๆความรัก: ปีนี้ถือว่าเป็นปีที่เต็มไปด้วยความรัก ความโรแมนติก และความหลงใหลสำหรับคุณอย่างแน่นอน คุณจะพบคู่รักที่ให้ความสำคัญกับสุขภาพร่างกายและจิตใจของคุณคู่ที่เหมาะสม: ปีมะเมียเนื้อคู่ของคุณ: Omar Sy จากเรื่อง Lupin, Seo Yea-ji จากเรื่อง It’s Okay to Not Be Okayเพื่อนร่วมนักษัตรของคุณ: Park So-dam จากเรื่อง Record of Youthปีวอกสุขภาพ: คุณมีรูปร่างที่สมบูรณ์แบบ แต่อย่าละเลยสุขภาพจิตและอารมณ์ของคุณล่ะการเงิน: มีโอกาสมากมายที่ฟ้าประทานให้คุณโดยเฉพาะ! ในช่วงปลายปีอาจมีเกณฑ์การลงทุน (ซื้อรถใหม่, ซื้อบ้านใหม่ ฯลฯ)ความรัก: ปีที่เต็มไปด้วยความรักสำหรับคุณ ถือเป็นปีที่ดีสำหรับการแต่งงาน หรือหากคุณยังโสด ปีนี้ก็มีโอกาสสูงที่คุณจะได้พบกับคู่ชีวิตในอุดมคติเสียทีคู่ที่เหมาะสม: ปีมะโรงเนื้อคู่ของคุณ: Vanessa Kirby จากเรื่อง The Crown , Kim Soo-hyun จาก It’s Okay to Not Be Okayเพื่อนร่วมนักษัตรของคุณ: Cole Sprouse จากเรื่อง Riverdaleปีระกาสุขภาพ: พยายามลดระดับความเครียดของคุณลงบ้าง เพราะมันอาจจะส่งผลต่อสุขภาพกายและสุขภาพจิตของคุณ พักผ่อนให้มากขึ้น กินอาหารให้ถูกต้องและออกกำลังกายเพิ่มเอ็นโดรฟินการเงิน: สถานภาพทางการเงินของคุณค่อนข้างมั่นคง โดยเฉพาะในช่วงไตรมาสที่ 3 ของปีนี้ ลองพิจารณาการลงทุนในปีนี้ แต่อย่าโลภมากเกินไปนัก มิฉะนั้นแผนที่คุณวางไว้อาจจะพังทลายได้ความรัก: เดือนกรกฎาคมเป็นช่วงเวลาที่ดีที่สุดในการค้นหาความรัก คุณจะมีเสน่ห์น่าดึงดูดและน่าค้นหามาก ดังนั้นอย่าลืมเลือกคนที่เพอร์เฟกต์ที่สุดสำหรับคุณคู่ที่เหมาะสม: ปีมะเส็งเนื้อคู่ของคุณ: Lily Collins จากเรื่อง Emily in Paris, Harry Melling จากเรื่อง The Queen’s Gambitเพื่อนร่วมนักษัตรของคุณ: IU จากเรื่อง Hotel del Luna, Park Bo-gum จากเรื่อง Record of Youthปีจอสุขภาพ: “พักผ่อน” คือคีย์เวิร์ดที่สำคัญที่สุดของคุณในปี 2021 นี้การเงิน: ในปีนี้มีเกณฑ์สูญเสียเงินหรืออาจเป็นหนี้ คุณควรระมัดระวังเรื่องการใช้จ่ายและดูแลแผนการเงินของคุณเป็นพิเศษ และอย่าลืมที่จะจัดสรรเงินออมของคุณด้วยความรัก: คาดว่าจะเป็นปีที่มั่นคง ทั้งสำหรับคนที่แต่งงานแล้ว และคนโสดที่เกิดในปีจอ ควรพูดคุยและสื่อสารกันให้มากขึ้นเพื่อตามหาสิ่งที่คุณไฝ่ฝันคู่ที่เหมาะสม: ปีเถาะเนื้อคู่ของคุณ: Joey King จากเรื่อง The Kissing Boothเพื่อนร่วมนักษัตรของคุณ: Hyun Bin จากเรื่อง Crash Landing on Youปีกุนสุขภาพ: หมั่นดูแลสุขภาพของคุณให้แข็งแรงอยู่เสมอ และคุณจะไม่มีอะไรที่ต้องกังวลในปีนี้การเงิน: ปีนี้ถือว่าเป็นปีแห่งความก้าวหน้า โดยเฉพาะอย่างยิ่งในเรื่องอาชีพการงานของคุณ และคอยเก็บเกี่ยวผลตอบแทนจากการทำงานหนักของคุณได้เลยความรัก: ปัญหากำลังจะเกิดขึ้น ระวังคนที่คุณยอมให้เข้ามาในชีวิตให้ดี และอย่าละเลยหรือมองข้ามคนที่รักคุณ เพราะพวกเขาเป็นคนที่พร้อมจะอยู่เคียงข้างคุณเสมอ แม้จะมีความท้าทายหรืออุปสรรครอคอยอยู่ข้างหน้าคู่ที่เหมาะสม: ปีมะแมเนื้อคู่ของคุณ: Oscar Isaac จากเรื่อง Triple Frontierเพื่อนร่วมนักษัตรของคุณ: Phoebe Dynevor จากเรื่อง Bridgertonถ้าอ่านคำทำนายแล้วยังเห็นภาพเนื้อคู่ของตัวเองไม่ค่อยชัด ลองเริ่มต้นจากหนังหรือซีรีส์ที่เนื้อคู่ของคุณแสดง หรือ เรื่องที่เพื่อนร่วมปีนักษัตรของคุณเล่นก่อนเลยก็ได้นะ Netflix พร้อมแจกความสุขกับซีรีส์และภาพยนตร์เรื่องเด็ดมากมาย รอให้คุณมาเลือกดูเอาฤกษ์เอาชัย มีความสุขสมหวัง เฮงๆ รวยๆ รับปีใหม่กันไปเลย"|[]|https://search.posttoday.com/track/visitAndRedirect?href=https%3A%2F%2Fwww.posttoday.com%2Flife%2Fwork-life-balance%2F644809&contentId=pt-news644809|posttoday|others||Netflix,Timeปีเถาะสุขภาพ:|คุณแต่งงาน,คุณโสด,คุณไว้วางใจ|||
644860|จะเกิดอะไรขึ้นกับตลาดทุนจีน...ในช่วงตรุษจีน|2021-02-09 09:09:00|"คอลัมน์ 10 เรื่องต้องรู้ สู่ความมั่งคั่ง โดย...นิษณากาญจน์ ภาษวัธน์ ธนาคารกสิกรไทย							
1. โดยปกติแล้วช่วงเทศกาลตรุษจีนที่เป็นวันหยุดยาว หรือ Golden Week กิจกรรมทางธุรกิจจีนด้านการบริโภค และการเดินทางจะคึกคักมากถึงมากที่สุด ด้วยประชากรจีนมากกว่า 1 พันล้านคน เดินทางกลับบ้านเกิด และจับจ่ายใช้สอยกันทั่วประเทศ แต่โดยมากผลกระทบต่อตลาดทุนจะหมายถึงความผันผวนที่สูงขึ้น ทั้งนี้ ตลาดหุ้นจีนตั้งแต่ต้นปีก็ยังสร้างผลตอบแทนที่ดีต่อเนื่อง จากแนวโน้มในปีที่แล้ว ที่เศรษฐกิจจีนยังคงฟื้นตัวดีหลังการแพร่ระบาดของโรคโควิด 19 โดยตั้งแต่ต้นปี ดัชนี CSI 300 และดัชนี HSCEI ปรับตัวขึ้นมาแล้ว 5.6% และ 8.1% ตามลำดับ*2. ส่วนมากตลาดหุ้นจีนมักจะปรับตัวลงก่อนวันปิดตลาดซื้อขายในช่วงเทศกาลตรุษจีน ทั้งนี้เพราะจะมีนักลงทุนต้องการทำกำไรบางส่วนเพื่อเอาเงินสดออกมาใส่ซองแดงแจกจ่าย หรือจับจ่ายใช้สอย โดยหากย้อนกลับไป 5 ปีหลัง (2016-2020) เราพบว่าในช่วง 2 สัปดาห์ก่อนตรุษจีน ตลาดหุ้นจีนผ่านดัชนี CSI 300 จะปรับตัวลง 2% โดยเฉลี่ย ดังนั้น เพื่อช่วยเพิ่มสภาพคล่องในระบบให้หมุนเวียนอย่างมีประสิทธิภาพมากขึ้น PBoC จึงมักจะอัดฉีดเงินเข้ามาเพิ่มเติมก่อนเทศกาล3. ด้านปริมาณการซื้อขายแน่นอนว่าจะน้อยลงอย่างมีนัยสำคัญ จากสถิติเราจะสามารถสังเกตได้ชัดเจนตั้งแต่ช่วง 1-2 สัปดาห์ก่อนตรุษจีนที่ปริมาณซื้อขายจะค่อยๆ ลดลงต่อเนื่อง จนปริมาณการซื้อขายมักแตะจุดต่ำสุดในวันแรกของการกลับมาเปิดตลาดซื้อขายหลังช่วงหยุดยาว และมักจะใช้เวลาประมาณ 7 วันซื้อขายหลังกลับมาเปิดตลาดเพื่อให้ปริมาณการซื้อขายรายวันกลับเข้าสู่ระดับปกติ4. ดังนั้น ด้วยปริมาณการซื้อขายที่ค่อยๆ น้อยลง การเคลื่อนไหวของราคาหุ้นก็จะผันผวนสูงขึ้น ดังที่สะท้อนจากการพิจารณาค่าความผันผวนระยะ 10 วันของดัชนี CSI 300 โดยเฉลี่ยในช่วง 5 ปีหลังที่ผ่านมา (2016-2020) เราจะพบว่าในเดือนมกราคม และกุมภาพันธ์ ระดับความผันผวนจะเพิ่มขึ้นราว 6% และ 7% ตามลำดับ หลังจากนั้นในเดือนมีนาคม และเมษายน แนวโน้มระดับความผันผวนของดัชนี CSI 300 ก็จะเริ่มปรับลดลง5. เราทราบกันดีว่าประเพณีการแจกเงินสดในซองแดงช่วงตรุษจีนถือว่ามีความสำคัญมาก ความต้องการของเงินหยวนที่สูงขึ้นในช่วงนี้จึงผลักดันให้ค่าเงินหยวนมักแข็งค่าขึ้นในช่วงต้นปี โดยเฉลี่ย 5 ปีย้อนหลัง (2016-2020) ในเดือนมกราคมของทุกปีค่าเงินหยวนมักแข็งค่าขึ้นราว 1.2% เมื่อเทียบกับดอลลาร์สหรัฐฯ


Samyan Chinese New Year 2021 จัดเต็มกิน-เที่ยว-ช้อป สไตล์ไชนีสป๊อปคัลเจอร์
La boutique เปิดตัวคอลเลกชั่น Xin Tian Di สีสันแห่งความโชคดีของสตรีและบุรุษ


6. สินค้าโภคภัณฑ์ก็มีผลกระทบเช่นกัน โดยมีทั้งผู้ได้ประโยชน์อย่างทองคำที่ก็มักถูกแจกจ่ายให้สมาชิกในครอบครัวนอกเหนือจากเงินสด ราคาทองคำจึงมักปรับตัวขึ้น ขณะที่ราคาสินค้าโภคภัณฑ์ที่ใช้เป็นวัตถุดิบอุตสาหกรรมอย่างเหล็ก หรืออะลูมิเนียมกลับเป็นผู้เสียประโยชน์ และมักจะปรับตัวลง จากอุปสงค์ที่ลดลงเมื่อโรงงานการผลิตในจีนปิดทำการช่วงตรุษจีน7. ด้านการค้า แน่นอนว่าจีนที่เป็นโรงงานผลิตของโลกย่อมสร้างผลกระทบเมื่อโรงงานอุตสาหกรรมต้องลดกำลังการผลิตลง หรือปิดดำเนินการผลิตในช่วงตรุษจีน จึงมักทำให้กิจกรรมการส่งออกชะงักลง บริษัทหรือประเทศคู่ค้าจึงจำเป็นต้องสั่งสินค้าล่วงหน้าในช่วงปลายปี และมีการบริหารจัดการที่แม่นยำขึ้น รวมถึงค่าขนส่งระหว่างประเทศก็มักจะสูงขึ้นก่อนเทศกาลตรุษจีนด้วย โดยจากค่าเฉลี่ยย้อนหลัง 5 ปี (2016-2020) การส่งออกจีนจึงมักชะลอตัวลงในเดือนมกราคม และกุมภาพันธ์ที่ระดับ -13% และ -26% ตามลำดับ8. ข่าวร้ายในปีนี้ คือมาตรการควบคุมโรคโควิด 19 ด้วยการจำกัดการเดินทางในช่วงเทศกาลหลังการแพร่ระบาดกลับมารุนแรงขึ้นในช่วงฤดูหนาว คาดว่าจะทำให้การท่องเที่ยวในช่วงตรุษจีนปีนี้หดตัวกว่า 60% โดยในวันที่ 28 มกราคมที่ผ่านมา เป็นวันเริ่มต้นช่วงเดินทางที่ปกติจะกินเวลา 40 วัน (15 วันก่อนตรุษจีนรวมกับ 25 หลังตรุษจีน) ในวันเดียวมีผู้คนเดินทางเพียง 18.1 ล้านคนเทียบกับ 69.6 ล้านคนในปี 2020 และ 67.5 ล้านคนในปี 2019 แม้ว่าการจำกัดการเดินทางส่วนหนึ่งจะทำให้กิจกรรมทางภาคอุตสาหกรรมดำเนินมากกว่าปกติ โดยภาคการผลิตรวมถึงภาคการก่อสร้างจะทำธุรกิจได้ยาวขึ้นในปีนี้ แต่ก็คาดว่าจะไม่สามารถหักลบผลกระทบทางเศรษฐกิจทางลบได้ทั้งหมด9. ดังนั้น เราจึงมองว่ามาตรการจำกัดการเดินทางในช่วงเทศกาลตรุษจีนปี 2021 จะกดดันภาคการบริโภคระยะสั้น และคาดว่าสถานการณ์จะค่อยๆ ดีขึ้นตามลำดับ รวมถึงมาตรการจำกัดการเดินทางจะถูกผ่อนปรนได้ในช่วงไตรมาส 2 ของปี โดยทั้งปี 2021 เรายังมองว่าภาคการบริโภคจะกลับมาแข็งแกร่ง และเป็นแรงหนุนสำคัญของ GDP จีนได้10. สำหรับ KBank Private Banking เรายังคงชอบการลงทุนในตลาดหุ้นจีน โดยมองว่าการกระจายความเสี่ยงลงทุนในหุ้นจีนหลายๆตลาดจดทะเบียนเป็นกลยุทธ์ที่เหมาะสมในปีนี้ เปลี่ยนแปลงจากปีที่แล้วเล็กน้อยที่เน้นลงทุนในหุ้นจีน A-share อย่างเดียว เนื่องจากราคาพื้นฐานของหุ้นจีนที่จดทะเบียนในภูมิภาคอื่นยังคงน่าสนใจ* ข้อมูล ณ วันที่ 2 กุมภาพันธ์ 2021"|[]|https://search.posttoday.com/track/visitAndRedirect?href=https%3A%2F%2Fwww.posttoday.com%2Ffinance-stock%2Fcolumnist%2F644860&contentId=pt-news644860|posttoday|others|จีน,จีน,จีน,จีน,จีน,จีน,จีน,ประเทศคู่ค้า,จีน,จีน,จีน,จีน,จีน,จีน|ธนาคารกสิกรไทย|นิษณากาญจน์ ภาษวัธน์|||
644857|ธปท.สำรองเงินตรุษจีนปีนี้น้อยลง|2021-02-09 08:39:00|"ธปท. คาดถอนเงินสดตรุษจีนปีนี้เพิ่มขึ้นกว่าช่วงปกติ 2.8 หมื่นล้านบาท ลดลงจากตรุษจีนปีก่อน 6%							
นายสมบูรณ์ จิตเป็นธม ผู้ช่วยผู้ว่าการ สายออกบัตรธนาคาร ธนาคารแห่งประเทศไทย (ธปท.) เปิดเผยว่า ในช่วงเทศกาลตรุษจีน เดือนกุมภาพันธ์ 2564 ซึ่งความต้องการใช้ธนบัตรของประชาชนอยู่ในเกณฑ์สูงกว่าปกติ นั้นธปท. ได้พิจารณาปัจจัยทางเศรษฐกิจ รวมถึงสถานการณ์ COVID-19 ซึ่งมีผลกระทบต่อการใช้จ่ายของประชาชน โดยประมาณการว่าธนาคารพาณิชย์จะมีการเบิกจ่ายธนบัตรจาก ธปท. ในช่วงสองสัปดาห์ก่อนเทศกาลตรุษจีนเพิ่มขึ้นจากการเบิกจ่ายปกติ เป็นมูลค่าสุทธิประมาณ 28,000 ล้านบาท ซึ่งลดลงประมาณ 6% จากปีก่อน เนื่องจากประชาชนยังมีความกังวลในการใช้จ่าย ประกอบกับภาคการท่องเที่ยวที่ยังชะลอตัว รวมถึงแนวโน้มการชำระเงินทางอิเล็กทรอนิกส์ที่เพิ่มสูงขึ้นทั้งนี้ ธปท. ได้เตรียมสำรองธนบัตรชนิดราคาต่าง ๆ เพื่อรองรับความต้องการไว้อย่างเพียงพอ"|[]|https://search.posttoday.com/track/visitAndRedirect?href=https%3A%2F%2Fwww.posttoday.com%2Ffinance-stock%2Fnews%2F644857&contentId=pt-news644857|posttoday|others||ธปท.,ธนาคารแห่งประเทศไทย,ธปท.,ธปท.,ธปท.,ธปท.|สมบูรณ์ จิตเป็นธม|||
644831|เที่ยวบินช่วงตรุษจีนเงียบเหงาหายกว่า 71%|2021-02-08 16:35:00|"บวท.ชี้โควิด กระทบธุรกิจการบินช่วงตรุษจีน คาดปีนี้เหลือเที่ยวบินแค่ 773 เที่ยวต่อวัน ลดลง 71% โดยเฉพาะนักท่องเที่ยวจากจีนงดเดินทางทั้งหมด ขณะที่ในประเทศขยับเล็กน้อย

							
นายทินกร ชูวงศ์ รองกรรมการผู้อำนวยการใหญ่ (ปฏิบัติการ)บริษัทวิทยุการบินแห่งประเทศไทย ( บวท.) เปิดเผยว่า ภาพรวมปริมาณเที่ยวบินเดือนกุมภาพันธ์  2564 แนวโน้มทรงตัว เนื่องจากผลกระทบจากการระบาดของโควิด-19 โดยเที่ยวบินระหว่างประเทศและบินผ่านน่านฟ้าค่อนข้างคงที่ ส่วนเที่ยวบินภายในประเทศเพิ่มขึ้นเล็กน้อยจากเดือนมกราคมที่ผ่านมาทั้งนี้การเดินทางเข้าประเทศเป็นการเดินทางแบบมีเงื่อนไข คือ เที่ยวบินที่ได้รับอนุญาตให้ทำการบินส่งบุคคลกลับไทย (Repatriation Flight) และเที่ยวบินกึ่งพาณิชย์กลับไทย (Semi-Commercial Flight) ซึ่งจากตารางการบินล่วงหน้าของเที่ยวบินเข้า/ออก ประเทศจีน ในเดือนกุมภาพันธ์ 2564 ไม่มีเที่ยวบินตามตารางบินปกติ (Schedule Flight) เดินทางมายังประเทศไทย ส่งผลให้ในช่วงเทศกาลตรุษจีนจะมีปริมาณเที่ยวบินรวม 5,410 เที่ยวบิน ในช่วง 7 วัน เฉลี่ย 773 เที่ยวบินต่อวัน ลดลง 71 % จากช่วงเดียวกันของปี 2563 อย่างไรก็ตาม บวท. พร้อมให้บริการทุกเที่ยวบินโดยคำนึงถึงความปลอดภัยเป็นหลัก และยังคงมุ่งมั่นปรับปรุงพัฒนาการให้บริการจราจรทางอากาศอย่างต่อเนื่องตามมาตรฐานสากล เพื่อให้พร้อมรับกับความท้าทายต่างๆ ที่เกิดขึ้นกับอุตสาหกรรมการบิน ทั้งนี้ ขอให้ประชาชนเดินทางและเฉลิมฉลองในช่วงเทศกาลตรุษจีน นี้ด้วยความปลอดภัย รักษาระยะห่างตามมาตรการสาธารณสุข เพื่อลดความเสี่ยงในการติดเชื้อ และป้องกันการแพร่ระบาดของโรคโควิด"|[]|https://search.posttoday.com/track/visitAndRedirect?href=https%3A%2F%2Fwww.posttoday.com%2Feconomy%2Fnews%2F644831&contentId=pt-news644831|posttoday|others|จีน,ไทย,ไทย,ประเทศจีน,ประเทศไทย|ธุรกิจการบินช่วงตรุษจีน,บริษัทวิทยุการบินแห่งประเทศไทย|ทินกร ชูวงศ์|||
644805|ค่าเงินบาทลุ้นตัวเลขจ้างงานสหรัฐ|2021-02-08 14:34:00|"กรุงศรีคาดเงินบาทซื้อขายในกรอบ 29.85-30.20 จับตาตัวเลขภาวะการจ้างงาน ส่งผลต่อการปรับตัวขึ้นของค่าเงินดอลลาร์							
กลุ่มงานโกลบอลมาร์เก็ตส์ ธนาคารกรุงศรีอยุธยา จำกัด (มหาชน) มีมุมมองต่อทิศทางค่าเงินบาทในสัปดาห์นี้ว่า มีแนวโน้มเคลื่อนไหวในกรอบ 29.85-30.20 บาท/ดอลลาร์ เทียบกับสัปดาห์ที่ผ่านมา เงินบาทปิดทรงตัวที่ 30.07 บาท/ดอลลาร์ หลังซื้อขายในช่วง 29.89 -30.14 บาท/ดอลล่าร์ โดยในสัปดาห์ที่ผ่านมาเงิน ดอลลาร์แข็งค่าเทียบกับสกุลเงินสำคัญส่วนใหญ่ ขณะที่ข้อมูลเศรษฐกิจสหรัฐฯ หลายรายการแข็งแกร่งเกินคาดและอัตราผลตอบแทนพันธบัตรปรับตัวสูงขึ้น ขณะที่การกระจายวัคซีนในยุโรปเป็นไปอย่างเชื่องช้าและกดดันเงินยูโรสู่ระดับอ่อนค่าสุดในรอบกว่า 2 เดือน ทางด้านธนาคารกลางอังกฤษ (บีโออี) คงดอกเบี้ยที่ 0.1% และคงมาตรการซื้อสินทรัพย์ที่ 895,000 ล้านปอนด์ พร้อมระบุว่าเตรียมการที่จะใช้อัตราดอกเบี้ยติดลบหากจำเป็นในอนาคต ซึ่งอย่างเร็วที่สุดอาจจะเป็นในช่วงเดือน ส.ค. บ่งชี้ว่าการใช้ดอกเบี้ยติดลบของบีโออีมีความเป็นไปได้น้อยลงมากและหนุนค่าเงินปอนด์ขึ้น นอกจากนี้ ช่วงท้ายสัปดาห์ตัวเลขการจ้างงานนอกภาคเกษตรเดือน ม.ค.ของสหรัฐฯเพิ่มขึ้นน้อยกว่าคาด ส่งผลให้ดอลลาร์ลดช่วงบวกลง ทั้งนี้ สัปดาห์ที่ผ่านมานักลงทุนต่างชาติขายสุทธิในตลาดหุ้นไทย 9,000 ล้านบาท แต่ซื้อพันธบัตร 5,500 ล้านบาทกลุ่มงานโกลบอลมาร์เก็ตส์ กรุงศรี มองว่า นักลงทุนจะติดตามข้อมูลเงินเฟ้อของสหรัฐฯ ความเห็นของประธานธนาคารกลางสหรัฐฯ (เฟด) ความคืบหน้าเกี่ยวกับการผลักดันมาตรการกระตุ้นทางด้านการคลังของรัฐบาลไบเดน การกระจายวัคซีนทั่วโลก รวมถึงราคาน้ำมันดิบในตลาดโลกที่พุ่งขึ้นต่อเนื่องแตะระดับสูงสุดในรอบ 1 ปี ซึ่งมีผลต่อการคาดการณ์เงินเฟ้อ โดยในภาพรวม กรุงศรีประเมินว่าภาวะการจ้างงานที่ยังไม่สดใสนักแม้อัตราการว่างงานจะลดลงเกินคาดก็ตาม จะจำกัดการปรับตัวขึ้นของค่าเงินดอลลาร์ อนึ่ง วอลุ่มกระแสเงินทุนคลื่อนย้ายอาจเบาบางลงท้ายสัปดาห์นี้ ขณะที่หลายตลาดในภูมิภาคปิดทำการเนื่องในเทศกาลตรุษจีนสำหรับปัจจัยในประเทศ กนง.คงดอกเบี้ยด้วยเสียงเอกฉันท์ และเน้นย้ำถึงการรักษาขีดความสามารถในการดำเนินนโยบายการเงินที่มีจำกัด โดยทางการเห็นว่าเศรษฐกิจจะขยายตัวต่ำกว่าที่ประเมินไว้เนื่องจากการแพร่ระบาดระลอกใหม่ จำนวนนักท่องเที่ยวต่างชาติมีแนวโน้มน้อยกว่าคาด แต่จะได้แรงหนุนจากมาตรการกระตุ้นเศรษฐกิจเพิ่มเติมของภาครัฐและทิศทางการส่งออกที่ดีขึ้น ขณะที่เงินบาทเคลื่อนไหวสอดคล้องกับสกุลเงินภูมิภาค แต่กนง.ยังเห็นควรให้พิจารณาความจำเป็นของมาตรการที่เหมาะสมเพิ่มเติมต่อไป จากท่าทีโดยรวมเราคาดว่ากนง.จะคงดอกเบี้ยไว้ตลอดทั้งปีนี้และเร่งกระจายสภาพคล่องสู่กลุ่มเป้าหมายเป็นสำคัญ"|[]|https://search.posttoday.com/track/visitAndRedirect?href=https%3A%2F%2Fwww.posttoday.com%2Ffinance-stock%2Fnews%2F644805&contentId=pt-news644805|posttoday|others|สหรัฐฯ,ยุโรป,สหรัฐฯ,ไทย,สหรัฐฯ|กรุงศรี,กลุ่มงานโกลบอลมาร์เก็ตส์,ธนาคารกรุงศรีอยุธยา จำกัด (มหาชน),ธนาคารกลางอังกฤษ,บีโออี,บีโออี,ท้ายสัปดาห์ตัวเลขการจ้างงานนอกภาคเกษตรเดือน,กลุ่มงานโกลบอลมาร์เก็ตส์ กรุงศรี,ธนาคารกลางสหรัฐฯ,กนง.,กนง.,กนง.|วอลุ่มกระแสเงินทุนคลื่อนย้าย|||
644804|ศบค.ขอตั้งการ์ดสูงช่วงตรุษจีน ห่วงการรวมตัวไปซื้อของ-พบปะญาติ|2021-02-08 14:31:00|"ผู้ช่วยโฆษกศบค.ขอความร่วมมือประชาชนป้องกันโควิดเข้มช่วงตรุษจีน ห่วงการรวมตัวซื้อของในตลาด-ซูเปอร์มาร์เก็ต การพบปะญาติ							
เมื่อวันที่ 8 ก.พ.64 พญ.อภิสมัย ศรีรังสรรค์ ผู้ช่วยโฆษกศูนย์บริหารสถานการณ์โควิด-19 กล่าวตอบคำถามสื่อมวลชนในประเด็น การขอความร่วมมือประชาชนเข้มมาตรการป้องกันการแพร่ระบาดโควิด-19 ในช่วงเทศกาลตรุษจีน พญ.อภิสมัย กล่าวว่า เทศกาลตรุษจีนถือเป็นเทศกาลมงคล และหลายคนเฝ้ารอคอย เพราะหลายคนบอกว่าปีใหม่อดทนมาแล้วที่ไม่ได้เดินทาง จึงรอคอยในช่วงตรุษจีนนี้ที่คิดว่าคงจะผ่อนคลายมาตรการพอที่จะเฉลิมฉลองกันได้ แต่ ศบค.ยังมีความเป็นห่วงเนื่องจากการรวมญาติ การเดินทาง จึงต้องขอความร่วมมือให้ทุกคนตั้งการ์ดสูงสุดการเดินทางด้วยรถยนต์ส่วนตัวถึงแม้ว่าจะเดินทางพร้อมกันเพียงบุคคลในครอบครัวก็ขอให้สวมหน้ากากอนามัย ถ้าเดินทางด้วยการขนส่งสาธารณะขอให้ศึกษาจากเฟซบุ๊ก ศบค. ที่มีรายละเอียดว่าถ้าเดินทางด้วยเครื่องบิน รถสาธารณะ ต้องสวมหน้ากากและพยายามที่จะไม่นำมือมาขยี้ตา หรือจมูก ให้ล้างมือบ่อยๆนอกจากนี้เรื่องการจับจ่ายใช้สอยเป็นสิ่งที่ ศบค. มีความเป็นห่วงสูงสุด เพราะหลายคนเมื่อจะเกิดการรวมตัวกันก็ต้องทำอาหาร ผู้ใหญ่หรือผู้สูงอายุหลายคนที่อาจจะอยู่บ้านมาโดยตลอดตอนนี้จะต้องไปตลาดเพื่อซื้อวัตถุดิบด้วยตัวเอง จึงขอให้ระมัดระวัง เพราะที่ตลาดหรือซูเปอร์มาร์เก็ตนั้นมีคนไปจำนวนมาก ไม่ว่าจะเป็นผู้ค้าหรือผู้ซื้อ ดังนั้น ต้องช่วยกันระมัดระวังโดยการรักษาระยะห่างและรักษามาตรการเข้มงวดของตัวเองให้มาก


โฆษกศบค.ยืนยันแม่ค้าขายหมูในอัมพวาไม่ใช่คลัสเตอร์โควิดใหม่
""อนุทิน"" แจงปมท้องถิ่น-เอกชนยังจัดซื้อวัคซีนโควิดไม่ได้


ขณะที่ การรวมตัวกันในครอบครัวพยายามที่จะให้มีมาตรการที่ชัดเจน เช่น ลูกหลานบางคนที่อาจจะมีความเสี่ยง เพราะเดินทางมาจากพื้นที่เสี่ยงจำเป็นที่จะต้องปฏิบัติตัวเข้มขึ้น การพูดคุยเสียงดังไม่สวมหน้ากากถือเป็นความเสี่ยงทั้งสิ้น โดยมีการนำเสนอมาตรการที่อาจจะช่วยลดความเสี่ยง เช่น ให้อั่งเปาออนไลน์ อวยพรโดยนวัตกรรมและเทคโนโลยี หรือแม้แต่การจับจ่ายใช้สอยผ่านทางออนไลน์ซึ่งเป็นที่นิยมในปัจจุบันอย่างไรก็ตาม ไม่อยากให้ทุกคนหวาดกลัวจนเกินไป แต่เราต้องใช้ชีวิตวิถีใหม่ที่จะต้องอยู่กับ โควิด-19 เพิ่มขึ้นเพื่อความระมัดระวังไม่ให้เกิดความสูญเสีย ไม่ต้องการให้เกิดการเสียชีวิตขึ้นในครอบครัวใครพญ.อภิสมัย กล่าวว่า นอกจากนี้ ในเทศกาลวาเลนไทน์ หลายคนยังบอกว่าถ้ารักกันวันนี้ขอให้รักษาระยะห่าง จะได้รักกันอยู่นานๆ การจะพบเจอกันนั้น อยากให้ระมัดระวังเรื่องมาตรการความสะอาดสูงสุดด้วย""การแสดงความรักในเทศกาลวาเลนไทน์นี้ บุคลากรทางการแพทย์ทางการสาธารณสุขจะเป็นอีกกลุ่มบุคคลหนึ่งที่ต้องการความรักความห่วงใยจากพวกเราทุกคนที่จะส่งแรงส่งใจไปช่วยให้พวกเขาทำงานในช่วงเทศกาลต่างๆที่พวกเราได้หยุดแต่เขายังคงทำงานอยู่ เพื่อพวกเราทุกคน"""|[]|https://search.posttoday.com/track/visitAndRedirect?href=https%3A%2F%2Fwww.posttoday.com%2Fsocial%2Fgeneral%2F644804&contentId=pt-news644804|posttoday|social|แม่ค้าขายหมู|ศูนย์บริหารสถานการณ์โควิด,ศบค.|อภิสมัย ศรีรังสรรค์|||
